"Time","variable","CoralCover","Scenario"
2019,"0",26.7996713877008,"SSP2_4.5"
2020,"0",27.0140687588024,"SSP2_4.5"
2021,"0",27.2301813088728,"SSP2_4.5"
2022,"0",27.4480227593438,"SSP2_4.5"
2023,"0",27.8096823893897,"SSP2_4.5"
2024,"0",28.1742352964759,"SSP2_4.5"
2025,"0",28.5417046268189,"SSP2_4.5"
2026,"0",28.9121137118046,"SSP2_4.5"
2027,"0",29.2854860694701,"SSP2_4.5"
2028,"0",29.661845405997,"SSP2_4.5"
2029,"0",30.0412156172161,"SSP2_4.5"
2030,"0",30.423620790125,"SSP2_4.5"
2031,"0",30.8090852044171,"SSP2_4.5"
2032,"0",31.1976333340236,"SSP2_4.5"
2033,"0",31.773060445788,"SSP2_4.5"
2034,"0",32.3530909744464,"SSP2_4.5"
2035,"0",32.9377617473342,"SSP2_4.5"
2036,"0",33.527109886405,"SSP2_4.5"
2037,"0",34.1211728105884,"SSP2_4.5"
2038,"0",34.7199882381653,"SSP2_4.5"
2039,"0",35.3235941891628,"SSP2_4.5"
2040,"0",35.9320289877683,"SSP2_4.5"
2041,"0",36.5453312647626,"SSP2_4.5"
2042,"0",37.1635399599729,"SSP2_4.5"
2043,"0",36.7098242892417,"SSP2_4.5"
2044,"0",37.0035028835556,"SSP2_4.5"
2045,"0",36.5122447848209,"SSP2_4.5"
2046,"0",36.031002556144,"SSP2_4.5"
2047,"0",35.5589267029199,"SSP2_4.5"
2048,"0",35.0958275111798,"SSP2_4.5"
2049,"0",34.6415196512281,"SSP2_4.5"
2050,"0",34.1958220670014,"SSP2_4.5"
2051,"0",33.758557868399,"SSP2_4.5"
2052,"0",33.329554226501,"SSP2_4.5"
2053,"0",31.4728138194959,"SSP2_4.5"
2054,"0",29.7468457161819,"SSP2_4.5"
2055,"0",28.1414903447941,"SSP2_4.5"
2056,"0",26.6474429505702,"SSP2_4.5"
2057,"0",25.2561763080272,"SSP2_4.5"
2058,"0",23.9598708553486,"SSP2_4.5"
2059,"0",22.7513515044635,"SSP2_4.5"
2060,"0",21.6240304579858,"SSP2_4.5"
2061,"0",20.5718554335139,"SSP2_4.5"
2062,"0",19.5892627577653,"SSP2_4.5"
2063,"0",18.6711348484322,"SSP2_4.5"
2064,"0",17.8127616511944,"SSP2_4.5"
2065,"0",17.0098056436499,"SSP2_4.5"
2066,"0",16.2582700575818,"SSP2_4.5"
2067,"0",15.5544700064711,"SSP2_4.5"
2068,"0",14.8950062369391,"SSP2_4.5"
2069,"0",14.2767412512514,"SSP2_4.5"
2070,"0",13.6967775734989,"SSP2_4.5"
2071,"0",13.1524379549044,"SSP2_4.5"
2072,"0",12.6412473341628,"SSP2_4.5"
2073,"0",12.1609163870696,"SSP2_4.5"
2074,"0",11.7093265161428,"SSP2_4.5"
2075,"0",11.2845161457017,"SSP2_4.5"
2076,"0",10.8846682011085,"SSP2_4.5"
2077,"0",10.5080986627696,"SSP2_4.5"
2078,"0",10.1532460961672,"SSP2_4.5"
2079,"0",9.8186620687848,"SSP2_4.5"
2080,"0",9.50300237340829,"SSP2_4.5"
2081,"0",9.20501898503271,"SSP2_4.5"
2082,"0",8.92355268557554,"SSP2_4.5"
2083,"0",8.657526296866,"SSP2_4.5"
2084,"0",8.40593846802493,"SSP2_4.5"
2085,"0",8.16785796843203,"SSP2_4.5"
2086,"0",7.9424184420562,"SSP2_4.5"
2087,"0",7.72881358305125,"SSP2_4.5"
2088,"0",7.52629269624079,"SSP2_4.5"
2089,"0",7.33415660947258,"SSP2_4.5"
2090,"0",7.15175390785308,"SSP2_4.5"
2091,"0",6.97847746260821,"SSP2_4.5"
2092,"0",6.81376122978838,"SSP2_4.5"
2093,"0",6.65707729627005,"SSP2_4.5"
2094,"0",6.50793315252631,"SSP2_4.5"
2095,"0",6.36586917346744,"SSP2_4.5"
2096,"0",6.23045629030713,"SSP2_4.5"
2097,"0",6.10129383790974,"SSP2_4.5"
2098,"0",5.97800756343192,"SSP2_4.5"
2099,"0",5.86024778330477,"SSP2_4.5"
2100,"0",5.74768767671978,"SSP2_4.5"
2019,"0.25",26.7996713877008,"SSP2_4.5"
2020,"0.25",27.0140687588024,"SSP2_4.5"
2021,"0.25",27.2301813088728,"SSP2_4.5"
2022,"0.25",27.4480227593438,"SSP2_4.5"
2023,"0.25",27.8096823893897,"SSP2_4.5"
2024,"0.25",28.1742352964759,"SSP2_4.5"
2025,"0.25",28.5417046268189,"SSP2_4.5"
2026,"0.25",28.9121137118046,"SSP2_4.5"
2027,"0.25",29.2854860694701,"SSP2_4.5"
2028,"0.25",29.661845405997,"SSP2_4.5"
2029,"0.25",30.0412156172161,"SSP2_4.5"
2030,"0.25",30.423620790125,"SSP2_4.5"
2031,"0.25",30.8090852044171,"SSP2_4.5"
2032,"0.25",31.1976333340236,"SSP2_4.5"
2033,"0.25",31.773060445788,"SSP2_4.5"
2034,"0.25",32.3530909744464,"SSP2_4.5"
2035,"0.25",32.9377617473342,"SSP2_4.5"
2036,"0.25",33.527109886405,"SSP2_4.5"
2037,"0.25",34.1211728105884,"SSP2_4.5"
2038,"0.25",34.7199882381653,"SSP2_4.5"
2039,"0.25",35.3235941891628,"SSP2_4.5"
2040,"0.25",35.9320289877683,"SSP2_4.5"
2041,"0.25",36.5453312647626,"SSP2_4.5"
2042,"0.25",37.1635399599729,"SSP2_4.5"
2043,"0.25",37.4608482796527,"SSP2_4.5"
2044,"0.25",37.7605350658899,"SSP2_4.5"
2045,"0.25",38.062619346417,"SSP2_4.5"
2046,"0.25",38.3671203011884,"SSP2_4.5"
2047,"0.25",38.6740572635979,"SSP2_4.5"
2048,"0.25",38.9834497217067,"SSP2_4.5"
2049,"0.25",38.4262771036983,"SSP2_4.5"
2050,"0.25",38.7336873205279,"SSP2_4.5"
2051,"0.25",39.0435568190921,"SSP2_4.5"
2052,"0.25",38.4886072617097,"SSP2_4.5"
2053,"0.25",37.9445899590096,"SSP2_4.5"
2054,"0.25",37.4112694377448,"SSP2_4.5"
2055,"0.25",36.8884158290986,"SSP2_4.5"
2056,"0.25",36.375804723593,"SSP2_4.5"
2057,"0.25",34.2862019553063,"SSP2_4.5"
2058,"0.25",33.820955045339,"SSP2_4.5"
2059,"0.25",31.9145544590544,"SSP2_4.5"
2060,"0.25",30.1425904420388,"SSP2_4.5"
2061,"0.25",28.4946058480228,"SSP2_4.5"
2062,"0.25",26.9610233477747,"SSP2_4.5"
2063,"0.25",25.5330660154696,"SSP2_4.5"
2064,"0.25",24.2026855176022,"SSP2_4.5"
2065,"0.25",22.9624971429657,"SSP2_4.5"
2066,"0.25",21.805720991015,"SSP2_4.5"
2067,"0.25",20.7261287063874,"SSP2_4.5"
2068,"0.25",19.7179952103613,"SSP2_4.5"
2069,"0.25",18.7760549364054,"SSP2_4.5"
2070,"0.25",17.8954621273977,"SSP2_4.5"
2071,"0.25",17.0717547972394,"SSP2_4.5"
2072,"0.25",16.3008219999906,"SSP2_4.5"
2073,"0.25",15.5788740858399,"SSP2_4.5"
2074,"0.25",14.9024156556274,"SSP2_4.5"
2075,"0.25",14.2682209546753,"SSP2_4.5"
2076,"0.25",13.6733114726995,"SSP2_4.5"
2077,"0.25",13.1149355399011,"SSP2_4.5"
2078,"0.25",12.5905497302518,"SSP2_4.5"
2079,"0.25",12.0978019017474,"SSP2_4.5"
2080,"0.25",11.6345157202357,"SSP2_4.5"
2081,"0.25",11.1986765285337,"SSP2_4.5"
2082,"0.25",10.7884184361111,"SSP2_4.5"
2083,"0.25",10.4020125168032,"SSP2_4.5"
2084,"0.25",10.037856012956,"SSP2_4.5"
2085,"0.25",9.69446245424934,"SSP2_4.5"
2086,"0.25",9.37045260828431,"SSP2_4.5"
2087,"0.25",9.06454618797752,"SSP2_4.5"
2088,"0.25",8.77555424796363,"SSP2_4.5"
2089,"0.25",8.50237220864914,"SSP2_4.5"
2090,"0.25",8.2439734523632,"SSP2_4.5"
2091,"0.25",7.99940344127772,"SSP2_4.5"
2092,"0.25",7.76777431148011,"SSP2_4.5"
2093,"0.25",7.54825990182902,"SSP2_4.5"
2094,"0.25",7.34009118005488,"SSP2_4.5"
2095,"0.25",7.14255203202494,"SSP2_4.5"
2096,"0.25",6.95497538321397,"SSP2_4.5"
2097,"0.25",6.77673962424173,"SSP2_4.5"
2098,"0.25",6.607265314887,"SSP2_4.5"
2099,"0.25",6.44601214329187,"SSP2_4.5"
2100,"0.25",6.2924761191547,"SSP2_4.5"
2019,"0.5",26.7996713877008,"SSP2_4.5"
2020,"0.5",27.0140687588024,"SSP2_4.5"
2021,"0.5",27.2301813088728,"SSP2_4.5"
2022,"0.5",27.4480227593438,"SSP2_4.5"
2023,"0.5",27.8096823893897,"SSP2_4.5"
2024,"0.5",28.1742352964759,"SSP2_4.5"
2025,"0.5",28.5417046268189,"SSP2_4.5"
2026,"0.5",28.9121137118046,"SSP2_4.5"
2027,"0.5",29.2854860694701,"SSP2_4.5"
2028,"0.5",29.661845405997,"SSP2_4.5"
2029,"0.5",30.0412156172161,"SSP2_4.5"
2030,"0.5",30.423620790125,"SSP2_4.5"
2031,"0.5",30.8090852044171,"SSP2_4.5"
2032,"0.5",31.1976333340236,"SSP2_4.5"
2033,"0.5",31.773060445788,"SSP2_4.5"
2034,"0.5",32.3530909744464,"SSP2_4.5"
2035,"0.5",32.9377617473342,"SSP2_4.5"
2036,"0.5",33.527109886405,"SSP2_4.5"
2037,"0.5",34.1211728105884,"SSP2_4.5"
2038,"0.5",34.7199882381653,"SSP2_4.5"
2039,"0.5",35.3235941891628,"SSP2_4.5"
2040,"0.5",35.9320289877683,"SSP2_4.5"
2041,"0.5",36.5453312647626,"SSP2_4.5"
2042,"0.5",37.1635399599729,"SSP2_4.5"
2043,"0.5",37.4608482796527,"SSP2_4.5"
2044,"0.5",37.7605350658899,"SSP2_4.5"
2045,"0.5",38.062619346417,"SSP2_4.5"
2046,"0.5",38.3671203011884,"SSP2_4.5"
2047,"0.5",38.6740572635979,"SSP2_4.5"
2048,"0.5",38.9834497217067,"SSP2_4.5"
2049,"0.5",39.2953173194803,"SSP2_4.5"
2050,"0.5",39.6096798580361,"SSP2_4.5"
2051,"0.5",39.9265572969004,"SSP2_4.5"
2052,"0.5",40.2459697552756,"SSP2_4.5"
2053,"0.5",40.5679375133179,"SSP2_4.5"
2054,"0.5",40.8924810134244,"SSP2_4.5"
2055,"0.5",40.3340187207845,"SSP2_4.5"
2056,"0.5",39.8110604832162,"SSP2_4.5"
2057,"0.5",39.2984105306092,"SSP2_4.5"
2058,"0.5",38.7956643336695,"SSP2_4.5"
2059,"0.5",38.2776490816906,"SSP2_4.5"
2060,"0.5",37.7935086774359,"SSP2_4.5"
2061,"0.5",37.3190514268778,"SSP2_4.5"
2062,"0.5",36.8537088789337,"SSP2_4.5"
2063,"0.5",34.7656374604967,"SSP2_4.5"
2064,"0.5",32.811960277057,"SSP2_4.5"
2065,"0.5",30.9960357071193,"SSP2_4.5"
2066,"0.5",29.3071392484596,"SSP2_4.5"
2067,"0.5",27.7354501346458,"SSP2_4.5"
2068,"0.5",26.2719695858264,"SSP2_4.5"
2069,"0.5",24.9084469060845,"SSP2_4.5"
2070,"0.5",23.6373126391517,"SSP2_4.5"
2071,"0.5",22.4516180760888,"SSP2_4.5"
2072,"0.5",21.3449804816694,"SSP2_4.5"
2073,"0.5",20.3115334715732,"SSP2_4.5"
2074,"0.5",19.3458820309574,"SSP2_4.5"
2075,"0.5",18.443061717263,"SSP2_4.5"
2076,"0.5",17.5985016368887,"SSP2_4.5"
2077,"0.5",16.8079908272303,"SSP2_4.5"
2078,"0.5",16.0676477130513,"SSP2_4.5"
2079,"0.5",15.3738923397018,"SSP2_4.5"
2080,"0.5",14.7234211157474,"SSP2_4.5"
2081,"0.5",14.1131838244904,"SSP2_4.5"
2082,"0.5",13.5403626879829,"SSP2_4.5"
2083,"0.5",13.0023532887559,"SSP2_4.5"
2084,"0.5",12.4967471738755,"SSP2_4.5"
2085,"0.5",12.0213159833242,"SSP2_4.5"
2086,"0.5",11.5739969603107,"SSP2_4.5"
2087,"0.5",11.152879715113,"SSP2_4.5"
2088,"0.5",10.7561941266342,"SSP2_4.5"
2089,"0.5",10.3822992771403,"SSP2_4.5"
2090,"0.5",10.0296733257995,"SSP2_4.5"
2091,"0.5",9.6969042357577,"SSP2_4.5"
2092,"0.5",9.3826812776895,"SSP2_4.5"
2093,"0.5",9.08578724013471,"SSP2_4.5"
2094,"0.5",8.80509128357305,"SSP2_4.5"
2095,"0.5",8.53954238116138,"SSP2_4.5"
2096,"0.5",8.28816329444093,"SSP2_4.5"
2097,"0.5",8.05004503717036,"SSP2_4.5"
2098,"0.5",7.82434178481101,"SSP2_4.5"
2099,"0.5",7.61026619113259,"SSP2_4.5"
2100,"0.5",7.40708507696313,"SSP2_4.5"
2019,"0.75",26.7996713877008,"SSP2_4.5"
2020,"0.75",26.9872690874147,"SSP2_4.5"
2021,"0.75",27.1761799710266,"SSP2_4.5"
2022,"0.75",27.3664132308238,"SSP2_4.5"
2023,"0.75",27.5579781234396,"SSP2_4.5"
2024,"0.75",27.7508839703036,"SSP2_4.5"
2025,"0.75",27.9451401580958,"SSP2_4.5"
2026,"0.75",28.1407561392024,"SSP2_4.5"
2027,"0.75",28.3377414321768,"SSP2_4.5"
2028,"0.75",28.5361056222021,"SSP2_4.5"
2029,"0.75",28.7358583615575,"SSP2_4.5"
2030,"0.75",28.9370093700884,"SSP2_4.5"
2031,"0.75",29.139568435679,"SSP2_4.5"
2032,"0.75",29.3435454147288,"SSP2_4.5"
2033,"0.75",29.5489502326319,"SSP2_4.5"
2034,"0.75",29.7557928842603,"SSP2_4.5"
2035,"0.75",29.9640834344501,"SSP2_4.5"
2036,"0.75",30.1738320184913,"SSP2_4.5"
2037,"0.75",30.3850488426207,"SSP2_4.5"
2038,"0.75",30.5977441845191,"SSP2_4.5"
2039,"0.75",30.8119283938107,"SSP2_4.5"
2040,"0.75",31.0276118925674,"SSP2_4.5"
2041,"0.75",31.2448051758153,"SSP2_4.5"
2042,"0.75",31.463518812046,"SSP2_4.5"
2043,"0.75",31.6837634437304,"SSP2_4.5"
2044,"0.75",31.9055497878365,"SSP2_4.5"
2045,"0.75",32.1288886363513,"SSP2_4.5"
2046,"0.75",32.3537908568058,"SSP2_4.5"
2047,"0.75",32.5802673928034,"SSP2_4.5"
2048,"0.75",32.8083292645531,"SSP2_4.5"
2049,"0.75",33.0379875694049,"SSP2_4.5"
2050,"0.75",33.2692534823908,"SSP2_4.5"
2051,"0.75",33.5021382567675,"SSP2_4.5"
2052,"0.75",33.7366532245649,"SSP2_4.5"
2053,"0.75",33.9728097971368,"SSP2_4.5"
2054,"0.75",34.2106194657168,"SSP2_4.5"
2055,"0.75",34.4500938019768,"SSP2_4.5"
2056,"0.75",34.6912444585906,"SSP2_4.5"
2057,"0.75",34.9340831698008,"SSP2_4.5"
2058,"0.75",35.1786217519894,"SSP2_4.5"
2059,"0.75",35.4248721042533,"SSP2_4.5"
2060,"0.75",35.6728462089831,"SSP2_4.5"
2061,"0.75",35.922556132446,"SSP2_4.5"
2062,"0.75",35.3987600839989,"SSP2_4.5"
2063,"0.75",34.9092576025322,"SSP2_4.5"
2064,"0.75",34.4299503265544,"SSP2_4.5"
2065,"0.75",33.9604523128752,"SSP2_4.5"
2066,"0.75",33.4767599941114,"SSP2_4.5"
2067,"0.75",33.0257399788253,"SSP2_4.5"
2068,"0.75",32.5842100753878,"SSP2_4.5"
2069,"0.75",32.1516523640534,"SSP2_4.5"
2070,"0.75",30.3179905858909,"SSP2_4.5"
2071,"0.75",28.6171744108849,"SSP2_4.5"
2072,"0.75",27.0385190709552,"SSP2_4.5"
2073,"0.75",25.5722703723317,"SSP2_4.5"
2074,"0.75",24.2095180441068,"SSP2_4.5"
2075,"0.75",22.9421175941205,"SSP2_4.5"
2076,"0.75",21.7626198036825,"SSP2_4.5"
2077,"0.75",20.6642070837695,"SSP2_4.5"
2078,"0.75",19.6406359967233,"SSP2_4.5"
2079,"0.75",18.68618532017,"SSP2_4.5"
2080,"0.75",17.7956090948304,"SSP2_4.5"
2081,"0.75",16.9640941559245,"SSP2_4.5"
2082,"0.75",16.1872216997424,"SSP2_4.5"
2083,"0.75",15.4609324833279,"SSP2_4.5"
2084,"0.75",14.7814952966782,"SSP2_4.5"
2085,"0.75",14.1454783839487,"SSP2_4.5"
2086,"0.75",13.5497235233244,"SSP2_4.5"
2087,"0.75",12.991322504902,"SSP2_4.5"
2088,"0.75",12.4675957724933,"SSP2_4.5"
2089,"0.75",11.9760730190455,"SSP2_4.5"
2090,"0.75",11.5144755466707,"SSP2_4.5"
2091,"0.75",11.0807002213546,"SSP2_4.5"
2092,"0.75",10.6728048695071,"SSP2_4.5"
2093,"0.75",10.2889949788354,"SSP2_4.5"
2094,"0.75",9.92761157975444,"SSP2_4.5"
2095,"0.75",9.58712019586451,"SSP2_4.5"
2096,"0.75",9.26610076307285,"SSP2_4.5"
2097,"0.75",8.96323842685026,"SSP2_4.5"
2098,"0.75",8.6773151360113,"SSP2_4.5"
2099,"0.75",8.40720195939693,"SSP2_4.5"
2100,"0.75",8.15185205901553,"SSP2_4.5"
2019,"1",26.7996713877008,"SSP2_4.5"
2020,"1",27.0140687588024,"SSP2_4.5"
2021,"1",27.2301813088728,"SSP2_4.5"
2022,"1",27.4480227593438,"SSP2_4.5"
2023,"1",27.8096823893897,"SSP2_4.5"
2024,"1",28.1742352964759,"SSP2_4.5"
2025,"1",28.5417046268189,"SSP2_4.5"
2026,"1",28.9121137118046,"SSP2_4.5"
2027,"1",29.2854860694701,"SSP2_4.5"
2028,"1",29.661845405997,"SSP2_4.5"
2029,"1",30.0412156172161,"SSP2_4.5"
2030,"1",30.423620790125,"SSP2_4.5"
2031,"1",30.8090852044171,"SSP2_4.5"
2032,"1",31.1976333340236,"SSP2_4.5"
2033,"1",31.773060445788,"SSP2_4.5"
2034,"1",32.3530909744464,"SSP2_4.5"
2035,"1",32.9377617473342,"SSP2_4.5"
2036,"1",33.527109886405,"SSP2_4.5"
2037,"1",34.1211728105884,"SSP2_4.5"
2038,"1",34.7199882381653,"SSP2_4.5"
2039,"1",35.3235941891628,"SSP2_4.5"
2040,"1",35.9320289877683,"SSP2_4.5"
2041,"1",36.5453312647626,"SSP2_4.5"
2042,"1",37.1635399599729,"SSP2_4.5"
2043,"1",37.4608482796527,"SSP2_4.5"
2044,"1",37.7605350658899,"SSP2_4.5"
2045,"1",38.062619346417,"SSP2_4.5"
2046,"1",38.3671203011884,"SSP2_4.5"
2047,"1",38.6740572635979,"SSP2_4.5"
2048,"1",38.9834497217067,"SSP2_4.5"
2049,"1",39.2953173194803,"SSP2_4.5"
2050,"1",39.6096798580361,"SSP2_4.5"
2051,"1",39.9265572969004,"SSP2_4.5"
2052,"1",40.2459697552756,"SSP2_4.5"
2053,"1",40.5679375133179,"SSP2_4.5"
2054,"1",40.8924810134244,"SSP2_4.5"
2055,"1",41.2196208615318,"SSP2_4.5"
2056,"1",41.549377828424,"SSP2_4.5"
2057,"1",41.8817728510514,"SSP2_4.5"
2058,"1",42.2168270338598,"SSP2_4.5"
2059,"1",42.5545616501307,"SSP2_4.5"
2060,"1",42.8949981433318,"SSP2_4.5"
2061,"1",43.2381581284784,"SSP2_4.5"
2062,"1",43.5840633935062,"SSP2_4.5"
2063,"1",43.9327359006543,"SSP2_4.5"
2064,"1",44.2841977878595,"SSP2_4.5"
2065,"1",44.6384713701624,"SSP2_4.5"
2066,"1",44.9955791411237,"SSP2_4.5"
2067,"1",45.3555437742527,"SSP2_4.5"
2068,"1",45.7183881244467,"SSP2_4.5"
2069,"1",46.0841352294423,"SSP2_4.5"
2070,"1",45.2437798395307,"SSP2_4.5"
2071,"1",44.6544275297126,"SSP2_4.5"
2072,"1",42.0347711247449,"SSP2_4.5"
2073,"1",39.6031392916832,"SSP2_4.5"
2074,"1",39.223781361168,"SSP2_4.5"
2075,"1",36.9880991899059,"SSP2_4.5"
2076,"1",34.9108550689105,"SSP2_4.5"
2077,"1",32.9796524571553,"SSP2_4.5"
2078,"1",31.1831450194891,"SSP2_4.5"
2079,"1",29.5109411225755,"SSP2_4.5"
2080,"1",27.9535175427806,"SSP2_4.5"
2081,"1",26.5021414566194,"SSP2_4.5"
2082,"1",25.1487998812084,"SSP2_4.5"
2083,"1",23.8861358186884,"SSP2_4.5"
2084,"1",22.7073904358968,"SSP2_4.5"
2085,"1",21.606350679677,"SSP2_4.5"
2086,"1",20.5773017900007,"SSP2_4.5"
2087,"1",19.614984228335,"SSP2_4.5"
2088,"1",18.7145545881098,"SSP2_4.5"
2089,"1",17.8715500983693,"SSP2_4.5"
2090,"1",17.0818563712657,"SSP2_4.5"
2091,"1",16.341678079489,"SSP2_4.5"
2092,"1",15.6475122814521,"SSP2_4.5"
2093,"1",14.9961241404725,"SSP2_4.5"
2094,"1",14.3845248096548,"SSP2_4.5"
2095,"1",13.8099512770009,"SSP2_4.5"
2096,"1",13.2698479857376,"SSP2_4.5"
2097,"1",12.7618500631996,"SSP2_4.5"
2098,"1",12.2837680080719,"SSP2_4.5"
2099,"1",11.8335737005684,"SSP2_4.5"
2100,"1",11.4093876133881,"SSP2_4.5"
2019,"1.25",26.7996713877008,"SSP2_4.5"
2020,"1.25",26.9872690874147,"SSP2_4.5"
2021,"1.25",27.1761799710266,"SSP2_4.5"
2022,"1.25",27.3664132308238,"SSP2_4.5"
2023,"1.25",27.5579781234396,"SSP2_4.5"
2024,"1.25",27.7508839703036,"SSP2_4.5"
2025,"1.25",27.9451401580958,"SSP2_4.5"
2026,"1.25",28.1407561392024,"SSP2_4.5"
2027,"1.25",28.3377414321768,"SSP2_4.5"
2028,"1.25",28.5361056222021,"SSP2_4.5"
2029,"1.25",28.7358583615575,"SSP2_4.5"
2030,"1.25",28.9370093700884,"SSP2_4.5"
2031,"1.25",29.139568435679,"SSP2_4.5"
2032,"1.25",29.3435454147288,"SSP2_4.5"
2033,"1.25",29.5489502326319,"SSP2_4.5"
2034,"1.25",29.7557928842603,"SSP2_4.5"
2035,"1.25",29.9640834344501,"SSP2_4.5"
2036,"1.25",30.1738320184913,"SSP2_4.5"
2037,"1.25",30.3850488426207,"SSP2_4.5"
2038,"1.25",30.5977441845191,"SSP2_4.5"
2039,"1.25",30.8119283938107,"SSP2_4.5"
2040,"1.25",31.0276118925674,"SSP2_4.5"
2041,"1.25",31.2448051758153,"SSP2_4.5"
2042,"1.25",31.463518812046,"SSP2_4.5"
2043,"1.25",31.6837634437304,"SSP2_4.5"
2044,"1.25",31.9055497878365,"SSP2_4.5"
2045,"1.25",32.1288886363513,"SSP2_4.5"
2046,"1.25",32.3537908568058,"SSP2_4.5"
2047,"1.25",32.5802673928034,"SSP2_4.5"
2048,"1.25",32.8083292645531,"SSP2_4.5"
2049,"1.25",33.0379875694049,"SSP2_4.5"
2050,"1.25",33.2692534823908,"SSP2_4.5"
2051,"1.25",33.5021382567675,"SSP2_4.5"
2052,"1.25",33.7366532245649,"SSP2_4.5"
2053,"1.25",33.9728097971368,"SSP2_4.5"
2054,"1.25",34.2106194657168,"SSP2_4.5"
2055,"1.25",34.4500938019768,"SSP2_4.5"
2056,"1.25",34.6912444585906,"SSP2_4.5"
2057,"1.25",34.9340831698008,"SSP2_4.5"
2058,"1.25",35.1786217519894,"SSP2_4.5"
2059,"1.25",35.4248721042533,"SSP2_4.5"
2060,"1.25",35.6728462089831,"SSP2_4.5"
2061,"1.25",35.922556132446,"SSP2_4.5"
2062,"1.25",36.1740140253731,"SSP2_4.5"
2063,"1.25",36.4272321235507,"SSP2_4.5"
2064,"1.25",36.6822227484155,"SSP2_4.5"
2065,"1.25",36.9389983076545,"SSP2_4.5"
2066,"1.25",37.197571295808,"SSP2_4.5"
2067,"1.25",37.4579542948787,"SSP2_4.5"
2068,"1.25",37.7201599749428,"SSP2_4.5"
2069,"1.25",37.9842010947674,"SSP2_4.5"
2070,"1.25",38.2500905024308,"SSP2_4.5"
2071,"1.25",37.692356075514,"SSP2_4.5"
2072,"1.25",37.1711372026635,"SSP2_4.5"
2073,"1.25",36.6607741144402,"SSP2_4.5"
2074,"1.25",36.1608558611921,"SSP2_4.5"
2075,"1.25",35.6458236095943,"SSP2_4.5"
2076,"1.25",35.1655806018446,"SSP2_4.5"
2077,"1.25",34.6954425998676,"SSP2_4.5"
2078,"1.25",34.2348581262834,"SSP2_4.5"
2079,"1.25",32.2823876866251,"SSP2_4.5"
2080,"1.25",30.4713703307856,"SSP2_4.5"
2081,"1.25",28.79042899126,"SSP2_4.5"
2082,"1.25",27.2291774696634,"SSP2_4.5"
2083,"1.25",25.7781281708659,"SSP2_4.5"
2084,"1.25",24.4286088956768,"SSP2_4.5"
2085,"1.25",23.1726877673103,"SSP2_4.5"
2086,"1.25",22.0031054639023,"SSP2_4.5"
2087,"1.25",20.9132140160098,"SSP2_4.5"
2088,"1.25",19.8969215054304,"SSP2_4.5"
2089,"1.25",18.9486420708336,"SSP2_4.5"
2090,"1.25",18.0632506874919,"SSP2_4.5"
2091,"1.25",17.2360422436314,"SSP2_4.5"
2092,"1.25",16.4626944852936,"SSP2_4.5"
2093,"1.25",15.7392344457505,"SSP2_4.5"
2094,"1.25",15.0620080150008,"SSP2_4.5"
2095,"1.25",14.4276523401951,"SSP2_4.5"
2096,"1.25",13.8330707794466,"SSP2_4.5"
2097,"1.25",13.2754101597703,"SSP2_4.5"
2098,"1.25",12.7520401152205,"SSP2_4.5"
2099,"1.25",12.2605343039711,"SSP2_4.5"
2100,"1.25",11.7986533234003,"SSP2_4.5"
2019,"1.5",26.7996713877008,"SSP2_4.5"
2020,"1.5",26.9872690874147,"SSP2_4.5"
2021,"1.5",27.1761799710266,"SSP2_4.5"
2022,"1.5",27.3664132308238,"SSP2_4.5"
2023,"1.5",27.5579781234396,"SSP2_4.5"
2024,"1.5",27.7508839703036,"SSP2_4.5"
2025,"1.5",27.9451401580958,"SSP2_4.5"
2026,"1.5",28.1407561392024,"SSP2_4.5"
2027,"1.5",28.3377414321768,"SSP2_4.5"
2028,"1.5",28.5361056222021,"SSP2_4.5"
2029,"1.5",28.7358583615575,"SSP2_4.5"
2030,"1.5",28.9370093700884,"SSP2_4.5"
2031,"1.5",29.139568435679,"SSP2_4.5"
2032,"1.5",29.3435454147288,"SSP2_4.5"
2033,"1.5",29.5489502326319,"SSP2_4.5"
2034,"1.5",29.7557928842603,"SSP2_4.5"
2035,"1.5",29.9640834344501,"SSP2_4.5"
2036,"1.5",30.1738320184913,"SSP2_4.5"
2037,"1.5",30.3850488426207,"SSP2_4.5"
2038,"1.5",30.5977441845191,"SSP2_4.5"
2039,"1.5",30.8119283938107,"SSP2_4.5"
2040,"1.5",31.0276118925674,"SSP2_4.5"
2041,"1.5",31.2448051758153,"SSP2_4.5"
2042,"1.5",31.463518812046,"SSP2_4.5"
2043,"1.5",31.6837634437304,"SSP2_4.5"
2044,"1.5",31.9055497878365,"SSP2_4.5"
2045,"1.5",32.1288886363513,"SSP2_4.5"
2046,"1.5",32.3537908568058,"SSP2_4.5"
2047,"1.5",32.5802673928034,"SSP2_4.5"
2048,"1.5",32.8083292645531,"SSP2_4.5"
2049,"1.5",33.0379875694049,"SSP2_4.5"
2050,"1.5",33.2692534823908,"SSP2_4.5"
2051,"1.5",33.5021382567675,"SSP2_4.5"
2052,"1.5",33.7366532245649,"SSP2_4.5"
2053,"1.5",33.9728097971368,"SSP2_4.5"
2054,"1.5",34.2106194657168,"SSP2_4.5"
2055,"1.5",34.4500938019768,"SSP2_4.5"
2056,"1.5",34.6912444585906,"SSP2_4.5"
2057,"1.5",34.9340831698008,"SSP2_4.5"
2058,"1.5",35.1786217519894,"SSP2_4.5"
2059,"1.5",35.4248721042533,"SSP2_4.5"
2060,"1.5",35.6728462089831,"SSP2_4.5"
2061,"1.5",35.922556132446,"SSP2_4.5"
2062,"1.5",36.1740140253731,"SSP2_4.5"
2063,"1.5",36.4272321235507,"SSP2_4.5"
2064,"1.5",36.6822227484155,"SSP2_4.5"
2065,"1.5",36.9389983076545,"SSP2_4.5"
2066,"1.5",37.197571295808,"SSP2_4.5"
2067,"1.5",37.4579542948787,"SSP2_4.5"
2068,"1.5",37.7201599749428,"SSP2_4.5"
2069,"1.5",37.9842010947674,"SSP2_4.5"
2070,"1.5",38.2500905024308,"SSP2_4.5"
2071,"1.5",38.5178411359478,"SSP2_4.5"
2072,"1.5",38.7874660238995,"SSP2_4.5"
2073,"1.5",39.0589782860668,"SSP2_4.5"
2074,"1.5",39.3323911340692,"SSP2_4.5"
2075,"1.5",39.6077178720077,"SSP2_4.5"
2076,"1.5",39.8849718971118,"SSP2_4.5"
2077,"1.5",39.3033988432594,"SSP2_4.5"
2078,"1.5",39.5785226351622,"SSP2_4.5"
2079,"1.5",39.0312214021043,"SSP2_4.5"
2080,"1.5",38.4953191889625,"SSP2_4.5"
2081,"1.5",37.9439758087894,"SSP2_4.5"
2082,"1.5",37.4293990311249,"SSP2_4.5"
2083,"1.5",35.268467188994,"SSP2_4.5"
2084,"1.5",33.2648415408104,"SSP2_4.5"
2085,"1.5",31.405833726381,"SSP2_4.5"
2086,"1.5",29.6798624284647,"SSP2_4.5"
2087,"1.5",28.0763502187401,"SSP2_4.5"
2088,"1.5",26.5856305274575,"SSP2_4.5"
2089,"1.5",25.1988637045883,"SSP2_4.5"
2090,"1.5",23.9079612483822,"SSP2_4.5"
2091,"1.5",22.7055173738091,"SSP2_4.5"
2092,"1.5",21.5847471796411,"SSP2_4.5"
2093,"1.5",20.5394307500334,"SSP2_4.5"
2094,"1.5",19.5638625953791,"SSP2_4.5"
2095,"1.5",18.6528058988274,"SSP2_4.5"
2096,"1.5",17.8014510899433,"SSP2_4.5"
2097,"1.5",17.0053783162686,"SSP2_4.5"
2098,"1.5",16.2605234276185,"SSP2_4.5"
2099,"1.5",15.5631471273951,"SSP2_4.5"
2100,"1.5",14.9098069804991,"SSP2_4.5"
2019,"1.75",26.7996713877008,"SSP2_4.5"
2020,"1.75",26.9872690874147,"SSP2_4.5"
2021,"1.75",27.1761799710266,"SSP2_4.5"
2022,"1.75",27.3664132308238,"SSP2_4.5"
2023,"1.75",27.5579781234396,"SSP2_4.5"
2024,"1.75",27.7508839703036,"SSP2_4.5"
2025,"1.75",27.9451401580958,"SSP2_4.5"
2026,"1.75",28.1407561392024,"SSP2_4.5"
2027,"1.75",28.3377414321768,"SSP2_4.5"
2028,"1.75",28.5361056222021,"SSP2_4.5"
2029,"1.75",28.7358583615575,"SSP2_4.5"
2030,"1.75",28.9370093700884,"SSP2_4.5"
2031,"1.75",29.139568435679,"SSP2_4.5"
2032,"1.75",29.3435454147288,"SSP2_4.5"
2033,"1.75",29.5489502326319,"SSP2_4.5"
2034,"1.75",29.7557928842603,"SSP2_4.5"
2035,"1.75",29.9640834344501,"SSP2_4.5"
2036,"1.75",30.1738320184913,"SSP2_4.5"
2037,"1.75",30.3850488426207,"SSP2_4.5"
2038,"1.75",30.5977441845191,"SSP2_4.5"
2039,"1.75",30.8119283938107,"SSP2_4.5"
2040,"1.75",31.0276118925674,"SSP2_4.5"
2041,"1.75",31.2448051758153,"SSP2_4.5"
2042,"1.75",31.463518812046,"SSP2_4.5"
2043,"1.75",31.6837634437304,"SSP2_4.5"
2044,"1.75",31.9055497878365,"SSP2_4.5"
2045,"1.75",32.1288886363513,"SSP2_4.5"
2046,"1.75",32.3537908568058,"SSP2_4.5"
2047,"1.75",32.5802673928034,"SSP2_4.5"
2048,"1.75",32.8083292645531,"SSP2_4.5"
2049,"1.75",33.0379875694049,"SSP2_4.5"
2050,"1.75",33.2692534823908,"SSP2_4.5"
2051,"1.75",33.5021382567675,"SSP2_4.5"
2052,"1.75",33.7366532245649,"SSP2_4.5"
2053,"1.75",33.9728097971368,"SSP2_4.5"
2054,"1.75",34.2106194657168,"SSP2_4.5"
2055,"1.75",34.4500938019768,"SSP2_4.5"
2056,"1.75",34.6912444585906,"SSP2_4.5"
2057,"1.75",34.9340831698008,"SSP2_4.5"
2058,"1.75",35.1786217519894,"SSP2_4.5"
2059,"1.75",35.4248721042533,"SSP2_4.5"
2060,"1.75",35.6728462089831,"SSP2_4.5"
2061,"1.75",35.922556132446,"SSP2_4.5"
2062,"1.75",36.1740140253731,"SSP2_4.5"
2063,"1.75",36.4272321235507,"SSP2_4.5"
2064,"1.75",36.6822227484155,"SSP2_4.5"
2065,"1.75",36.9389983076545,"SSP2_4.5"
2066,"1.75",37.197571295808,"SSP2_4.5"
2067,"1.75",37.4579542948787,"SSP2_4.5"
2068,"1.75",37.7201599749428,"SSP2_4.5"
2069,"1.75",37.9842010947674,"SSP2_4.5"
2070,"1.75",38.2500905024308,"SSP2_4.5"
2071,"1.75",38.5178411359478,"SSP2_4.5"
2072,"1.75",38.7874660238995,"SSP2_4.5"
2073,"1.75",39.0589782860668,"SSP2_4.5"
2074,"1.75",39.3323911340692,"SSP2_4.5"
2075,"1.75",39.6077178720077,"SSP2_4.5"
2076,"1.75",39.8849718971118,"SSP2_4.5"
2077,"1.75",40.1641667003915,"SSP2_4.5"
2078,"1.75",40.4453158672943,"SSP2_4.5"
2079,"1.75",40.7284330783653,"SSP2_4.5"
2080,"1.75",41.0135321099139,"SSP2_4.5"
2081,"1.75",41.3006268346833,"SSP2_4.5"
2082,"1.75",41.5897312225261,"SSP2_4.5"
2083,"1.75",40.9833006336221,"SSP2_4.5"
2084,"1.75",40.4165737959801,"SSP2_4.5"
2085,"1.75",39.8616505687069,"SSP2_4.5"
2086,"1.75",39.3180841218641,"SSP2_4.5"
2087,"1.75",38.7580840634714,"SSP2_4.5"
2088,"1.75",38.2359107208347,"SSP2_4.5"
2089,"1.75",36.0373797121761,"SSP2_4.5"
2090,"1.75",35.6416852819311,"SSP2_4.5"
2091,"1.75",33.6288060229054,"SSP2_4.5"
2092,"1.75",31.7611891530278,"SSP2_4.5"
2093,"1.75",30.0271791140044,"SSP2_4.5"
2094,"1.75",28.4161339901125,"SSP2_4.5"
2095,"1.75",26.9183311688302,"SSP2_4.5"
2096,"1.75",25.5248822674512,"SSP2_4.5"
2097,"1.75",24.2276563786394,"SSP2_4.5"
2098,"1.75",23.0192107874229,"SSP2_4.5"
2099,"1.75",21.8927284010084,"SSP2_4.5"
2100,"1.75",20.8419612121592,"SSP2_4.5"
2019,"2",26.7996713877008,"SSP2_4.5"
2020,"2",27.0140687588024,"SSP2_4.5"
2021,"2",27.2301813088728,"SSP2_4.5"
2022,"2",27.4480227593438,"SSP2_4.5"
2023,"2",27.8096823893897,"SSP2_4.5"
2024,"2",28.1742352964759,"SSP2_4.5"
2025,"2",28.5417046268189,"SSP2_4.5"
2026,"2",28.9121137118046,"SSP2_4.5"
2027,"2",29.2854860694701,"SSP2_4.5"
2028,"2",29.661845405997,"SSP2_4.5"
2029,"2",30.0412156172161,"SSP2_4.5"
2030,"2",30.423620790125,"SSP2_4.5"
2031,"2",30.8090852044171,"SSP2_4.5"
2032,"2",31.1976333340236,"SSP2_4.5"
2033,"2",31.773060445788,"SSP2_4.5"
2034,"2",32.3530909744464,"SSP2_4.5"
2035,"2",32.9377617473342,"SSP2_4.5"
2036,"2",33.527109886405,"SSP2_4.5"
2037,"2",34.1211728105884,"SSP2_4.5"
2038,"2",34.7199882381653,"SSP2_4.5"
2039,"2",35.3235941891628,"SSP2_4.5"
2040,"2",35.9320289877683,"SSP2_4.5"
2041,"2",36.5453312647626,"SSP2_4.5"
2042,"2",37.1635399599729,"SSP2_4.5"
2043,"2",37.4608482796527,"SSP2_4.5"
2044,"2",37.7605350658899,"SSP2_4.5"
2045,"2",38.062619346417,"SSP2_4.5"
2046,"2",38.3671203011884,"SSP2_4.5"
2047,"2",38.6740572635979,"SSP2_4.5"
2048,"2",38.9834497217067,"SSP2_4.5"
2049,"2",39.2953173194803,"SSP2_4.5"
2050,"2",39.6096798580361,"SSP2_4.5"
2051,"2",39.9265572969004,"SSP2_4.5"
2052,"2",40.2459697552756,"SSP2_4.5"
2053,"2",40.5679375133179,"SSP2_4.5"
2054,"2",40.8924810134244,"SSP2_4.5"
2055,"2",41.2196208615318,"SSP2_4.5"
2056,"2",41.549377828424,"SSP2_4.5"
2057,"2",41.8817728510514,"SSP2_4.5"
2058,"2",42.2168270338598,"SSP2_4.5"
2059,"2",42.5545616501307,"SSP2_4.5"
2060,"2",42.8949981433318,"SSP2_4.5"
2061,"2",43.2381581284784,"SSP2_4.5"
2062,"2",43.5840633935062,"SSP2_4.5"
2063,"2",43.9327359006543,"SSP2_4.5"
2064,"2",44.2841977878595,"SSP2_4.5"
2065,"2",44.6384713701624,"SSP2_4.5"
2066,"2",44.9955791411237,"SSP2_4.5"
2067,"2",45.3555437742527,"SSP2_4.5"
2068,"2",45.7183881244467,"SSP2_4.5"
2069,"2",46.0841352294423,"SSP2_4.5"
2070,"2",46.4528083112778,"SSP2_4.5"
2071,"2",46.8244307777681,"SSP2_4.5"
2072,"2",47.1990262239902,"SSP2_4.5"
2073,"2",47.5766184337821,"SSP2_4.5"
2074,"2",47.9572313812524,"SSP2_4.5"
2075,"2",48.3408892323024,"SSP2_4.5"
2076,"2",48.7276163461608,"SSP2_4.5"
2077,"2",49.1174372769301,"SSP2_4.5"
2078,"2",49.5103767751455,"SSP2_4.5"
2079,"2",49.9064597893467,"SSP2_4.5"
2080,"2",50.3057114676615,"SSP2_4.5"
2081,"2",50.7081571594028,"SSP2_4.5"
2082,"2",51.113822416678,"SSP2_4.5"
2083,"2",51.5227329960114,"SSP2_4.5"
2084,"2",51.9349148599795,"SSP2_4.5"
2085,"2",51.2256477550748,"SSP2_4.5"
2086,"2",51.6354529371154,"SSP2_4.5"
2087,"2",52.0485365606124,"SSP2_4.5"
2088,"2",51.3736915585267,"SSP2_4.5"
2089,"2",50.6804401680838,"SSP2_4.5"
2090,"2",50.0311762949725,"SSP2_4.5"
2091,"2",49.3946682500039,"SSP2_4.5"
2092,"2",48.7701647724739,"SSP2_4.5"
2093,"2",45.9661557359547,"SSP2_4.5"
2094,"2",45.4535348412698,"SSP2_4.5"
2095,"2",42.8848110173844,"SSP2_4.5"
2096,"2",40.497804166094,"SSP2_4.5"
2097,"2",38.2783201584376,"SSP2_4.5"
2098,"2",36.213365202572,"SSP2_4.5"
2099,"2",34.2910368849284,"SSP2_4.5"
2100,"2",32.5004257032817,"SSP2_4.5"
2019,"0",26.7996713877008,"SSP5_8.5"
2020,"0",27.0140687588024,"SSP5_8.5"
2021,"0",27.2301813088728,"SSP5_8.5"
2022,"0",27.4480227593438,"SSP5_8.5"
2023,"0",27.6676069414186,"SSP5_8.5"
2024,"0",27.8889477969499,"SSP5_8.5"
2025,"0",28.1120593793255,"SSP5_8.5"
2026,"0",28.3369558543601,"SSP5_8.5"
2027,"0",28.563651501195,"SSP5_8.5"
2028,"0",28.7921607132045,"SSP5_8.5"
2029,"0",29.0224979989102,"SSP5_8.5"
2030,"0",29.2546779829015,"SSP5_8.5"
2031,"0",29.4887154067647,"SSP5_8.5"
2032,"0",29.7246251300188,"SSP5_8.5"
2033,"0",29.9624221310589,"SSP5_8.5"
2034,"0",30.2021215081074,"SSP5_8.5"
2035,"0",30.4437384801723,"SSP5_8.5"
2036,"0",30.6872883880137,"SSP5_8.5"
2037,"0",30.9327866951178,"SSP5_8.5"
2038,"0",31.1802489886787,"SSP5_8.5"
2039,"0",31.4296909805881,"SSP5_8.5"
2040,"0",31.6811285084328,"SSP5_8.5"
2041,"0",31.9345775365003,"SSP5_8.5"
2042,"0",32.1900541567923,"SSP5_8.5"
2043,"0",31.7609061013313,"SSP5_8.5"
2044,"0",32.014993350142,"SSP5_8.5"
2045,"0",31.5909308685982,"SSP5_8.5"
2046,"0",31.1752041426417,"SSP5_8.5"
2047,"0",30.7676345432564,"SSP5_8.5"
2048,"0",30.3680477020147,"SSP5_8.5"
2049,"0",29.9762734009977,"SSP5_8.5"
2050,"0",29.5921454657155,"SSP5_8.5"
2051,"0",29.215501660944,"SSP5_8.5"
2052,"0",28.8461835893964,"SSP5_8.5"
2053,"0",27.2416242153762,"SSP5_8.5"
2054,"0",25.7520647941393,"SSP5_8.5"
2055,"0",24.3683445038431,"SSP5_8.5"
2056,"0",23.0820939732839,"SSP5_8.5"
2057,"0",21.8856620161771,"SSP5_8.5"
2058,"0",20.7720495322226,"SSP5_8.5"
2059,"0",19.7348498447457,"SSP5_8.5"
2060,"0",18.7681948212641,"SSP5_8.5"
2061,"0",17.8667061916977,"SSP5_8.5"
2062,"0",17.0254515400111,"SSP5_8.5"
2063,"0",16.2399044996437,"SSP5_8.5"
2064,"0",15.505908731841,"SSP5_8.5"
2065,"0",14.819645309583,"SSP5_8.5"
2066,"0",14.1776031687716,"SSP5_8.5"
2067,"0",13.5765523231761,"SSP5_8.5"
2068,"0",13.0135195708039,"SSP5_8.5"
2069,"0",12.4857664472394,"SSP5_8.5"
2070,"0",11.9907692064466,"SSP5_8.5"
2071,"0",11.5262006318591,"SSP5_8.5"
2072,"0",11.0899135005768,"SSP5_8.5"
2073,"0",10.6799255413937,"SSP5_8.5"
2074,"0",10.2944057434225,"SSP5_8.5"
2075,"0",9.9316618864536,"SSP5_8.5"
2076,"0",9.59012917707052,"SSP5_8.5"
2077,"0",9.26835988609443,"SSP5_8.5"
2078,"0",8.96501389329141,"SSP5_8.5"
2079,"0",8.67885005457032,"SSP5_8.5"
2080,"0",8.40871831524152,"SSP5_8.5"
2081,"0",8.15355250039588,"SSP5_8.5"
2082,"0",7.91236372018963,"SSP5_8.5"
2083,"0",7.68423433386316,"SSP5_8.5"
2084,"0",7.46831242175312,"SSP5_8.5"
2085,"0",7.26380671943967,"SSP5_8.5"
2086,"0",7.06998197256287,"SSP5_8.5"
2087,"0",6.88615467479366,"SSP5_8.5"
2088,"0",6.71168915500217,"SSP5_8.5"
2089,"0",6.54599398286961,"SSP5_8.5"
2090,"0",6.38851866507565,"SSP5_8.5"
2091,"0",6.23875060679481,"SSP5_8.5"
2092,"0",6.09621231558065,"SSP5_8.5"
2093,"0",5.96045882683265,"SSP5_8.5"
2094,"0",5.83107533195067,"SSP5_8.5"
2095,"0",5.70767499200622,"SSP5_8.5"
2096,"0",5.58989692131801,"SSP5_8.5"
2097,"0",5.47740432672735,"SSP5_8.5"
2098,"0",5.36988278964279,"SSP5_8.5"
2099,"0",5.26703867907547,"SSP5_8.5"
2100,"0",5.16859768493004,"SSP5_8.5"
2019,"0.25",26.7996713877008,"SSP5_8.5"
2020,"0.25",27.0140687588024,"SSP5_8.5"
2021,"0.25",27.2301813088728,"SSP5_8.5"
2022,"0.25",27.4480227593438,"SSP5_8.5"
2023,"0.25",27.6676069414186,"SSP5_8.5"
2024,"0.25",27.8889477969499,"SSP5_8.5"
2025,"0.25",28.1120593793255,"SSP5_8.5"
2026,"0.25",28.3369558543601,"SSP5_8.5"
2027,"0.25",28.563651501195,"SSP5_8.5"
2028,"0.25",28.7921607132045,"SSP5_8.5"
2029,"0.25",29.0224979989102,"SSP5_8.5"
2030,"0.25",29.2546779829015,"SSP5_8.5"
2031,"0.25",29.4887154067647,"SSP5_8.5"
2032,"0.25",29.7246251300188,"SSP5_8.5"
2033,"0.25",29.9624221310589,"SSP5_8.5"
2034,"0.25",30.2021215081074,"SSP5_8.5"
2035,"0.25",30.4437384801723,"SSP5_8.5"
2036,"0.25",30.6872883880137,"SSP5_8.5"
2037,"0.25",30.9327866951178,"SSP5_8.5"
2038,"0.25",31.1802489886787,"SSP5_8.5"
2039,"0.25",31.4296909805881,"SSP5_8.5"
2040,"0.25",31.6811285084328,"SSP5_8.5"
2041,"0.25",31.9345775365003,"SSP5_8.5"
2042,"0.25",32.1900541567923,"SSP5_8.5"
2043,"0.25",32.4475745900466,"SSP5_8.5"
2044,"0.25",32.707155186767,"SSP5_8.5"
2045,"0.25",32.9688124282611,"SSP5_8.5"
2046,"0.25",33.2325629276872,"SSP5_8.5"
2047,"0.25",33.4984234311087,"SSP5_8.5"
2048,"0.25",33.7664108185576,"SSP5_8.5"
2049,"0.25",33.3162472533738,"SSP5_8.5"
2050,"0.25",33.5827772314008,"SSP5_8.5"
2051,"0.25",33.851439449252,"SSP5_8.5"
2052,"0.25",33.4030518684807,"SSP5_8.5"
2053,"0.25",32.9634781994427,"SSP5_8.5"
2054,"0.25",32.5325295665926,"SSP5_8.5"
2055,"0.25",32.1100215993701,"SSP5_8.5"
2056,"0.25",31.695774315805,"SSP5_8.5"
2057,"0.25",29.8747416565726,"SSP5_8.5"
2058,"0.25",29.4999599688376,"SSP5_8.5"
2059,"0.25",27.8399411324125,"SSP5_8.5"
2060,"0.25",26.2991423526526,"SSP5_8.5"
2061,"0.25",24.8680556200572,"SSP5_8.5"
2062,"0.25",23.5379939889993,"SSP5_8.5"
2063,"0.25",22.3010157346006,"SSP5_8.5"
2064,"0.25",21.1498559027854,"SSP5_8.5"
2065,"0.25",20.0778645034367,"SSP5_8.5"
2066,"0.25",19.0789506748598,"SSP5_8.5"
2067,"0.25",18.1475322177035,"SSP5_8.5"
2068,"0.25",17.278489959006,"SSP5_8.5"
2069,"0.25",16.467126462917,"SSP5_8.5"
2070,"0.25",15.7091286546131,"SSP5_8.5"
2071,"0.25",15.0005339686142,"SSP5_8.5"
2072,"0.25",14.3376996726753,"SSP5_8.5"
2073,"0.25",13.7172750541967,"SSP5_8.5"
2074,"0.25",13.1361761880954,"SSP5_8.5"
2075,"0.25",12.591563033734,"SSP5_8.5"
2076,"0.25",12.0808186341505,"SSP5_8.5"
2077,"0.25",11.6015302138046,"SSP5_8.5"
2078,"0.25",11.1514719916364,"SSP5_8.5"
2079,"0.25",10.7285895446682,"SSP5_8.5"
2080,"0.25",10.3309855739126,"SSP5_8.5"
2081,"0.25",9.95690693916053,"SSP5_8.5"
2082,"0.25",9.60473284251478,"SSP5_8.5"
2083,"0.25",9.27296405245411,"SSP5_8.5"
2084,"0.25",8.96021307090724,"SSP5_8.5"
2085,"0.25",8.66519515541964,"SSP5_8.5"
2086,"0.25",8.38672011711619,"SSP5_8.5"
2087,"0.25",8.12368482290639,"SSP5_8.5"
2088,"0.25",7.87506633733725,"SSP5_8.5"
2089,"0.25",7.63991564575249,"SSP5_8.5"
2090,"0.25",7.41735190604029,"SSP5_8.5"
2091,"0.25",7.20655718131001,"SSP5_8.5"
2092,"0.25",7.00677161038989,"SSP5_8.5"
2093,"0.25",6.81728897713466,"SSP5_8.5"
2094,"0.25",6.63745264322215,"SSP5_8.5"
2095,"0.25",6.46665181244172,"SSP5_8.5"
2096,"0.25",6.30431809747348,"SSP5_8.5"
2097,"0.25",6.14992236285853,"SSP5_8.5"
2098,"0.25",6.00297182029731,"SSP5_8.5"
2099,"0.25",5.86300735461229,"SSP5_8.5"
2100,"0.25",5.72960106069662,"SSP5_8.5"
2019,"0.5",26.7996713877008,"SSP5_8.5"
2020,"0.5",27.0140687588024,"SSP5_8.5"
2021,"0.5",27.2301813088728,"SSP5_8.5"
2022,"0.5",27.4480227593438,"SSP5_8.5"
2023,"0.5",27.6676069414186,"SSP5_8.5"
2024,"0.5",27.8889477969499,"SSP5_8.5"
2025,"0.5",28.1120593793255,"SSP5_8.5"
2026,"0.5",28.3369558543601,"SSP5_8.5"
2027,"0.5",28.563651501195,"SSP5_8.5"
2028,"0.5",28.7921607132045,"SSP5_8.5"
2029,"0.5",29.0224979989102,"SSP5_8.5"
2030,"0.5",29.2546779829015,"SSP5_8.5"
2031,"0.5",29.4887154067647,"SSP5_8.5"
2032,"0.5",29.7246251300188,"SSP5_8.5"
2033,"0.5",29.9624221310589,"SSP5_8.5"
2034,"0.5",30.2021215081074,"SSP5_8.5"
2035,"0.5",30.4437384801723,"SSP5_8.5"
2036,"0.5",30.6872883880137,"SSP5_8.5"
2037,"0.5",30.9327866951178,"SSP5_8.5"
2038,"0.5",31.1802489886787,"SSP5_8.5"
2039,"0.5",31.4296909805881,"SSP5_8.5"
2040,"0.5",31.6811285084328,"SSP5_8.5"
2041,"0.5",31.9345775365003,"SSP5_8.5"
2042,"0.5",32.1900541567923,"SSP5_8.5"
2043,"0.5",32.4475745900466,"SSP5_8.5"
2044,"0.5",32.707155186767,"SSP5_8.5"
2045,"0.5",32.9688124282611,"SSP5_8.5"
2046,"0.5",33.2325629276872,"SSP5_8.5"
2047,"0.5",33.4984234311087,"SSP5_8.5"
2048,"0.5",33.7664108185576,"SSP5_8.5"
2049,"0.5",34.0365421051061,"SSP5_8.5"
2050,"0.5",34.3088344419469,"SSP5_8.5"
2051,"0.5",34.5833051174825,"SSP5_8.5"
2052,"0.5",34.8599715584223,"SSP5_8.5"
2053,"0.5",35.1388513308897,"SSP5_8.5"
2054,"0.5",35.4199621415368,"SSP5_8.5"
2055,"0.5",34.9352716530508,"SSP5_8.5"
2056,"0.5",34.4849492337056,"SSP5_8.5"
2057,"0.5",34.0438163869335,"SSP5_8.5"
2058,"0.5",33.6114855938485,"SSP5_8.5"
2059,"0.5",33.1628007950265,"SSP5_8.5"
2060,"0.5",32.746922389335,"SSP5_8.5"
2061,"0.5",32.3396749275587,"SSP5_8.5"
2062,"0.5",31.9405059559642,"SSP5_8.5"
2063,"0.5",30.1338238091753,"SSP5_8.5"
2064,"0.5",28.4440242488827,"SSP5_8.5"
2065,"0.5",26.8755730842074,"SSP5_8.5"
2066,"0.5",25.4187829991541,"SSP5_8.5"
2067,"0.5",24.0648046275226,"SSP5_8.5"
2068,"0.5",22.8055489790564,"SSP5_8.5"
2069,"0.5",21.6336174471,"SSP5_8.5"
2070,"0.5",20.542238626385,"SSP5_8.5"
2071,"0.5",19.5252112503143,"SSP5_8.5"
2072,"0.5",18.5768526292366,"SSP5_8.5"
2073,"0.5",17.6919520356418,"SSP5_8.5"
2074,"0.5",16.8657285397911,"SSP5_8.5"
2075,"0.5",16.0937928507579,"SSP5_8.5"
2076,"0.5",15.372112763868,"SSP5_8.5"
2077,"0.5",14.6969818566678,"SSP5_8.5"
2078,"0.5",14.0649911123425,"SSP5_8.5"
2079,"0.5",13.4730031824269,"SSP5_8.5"
2080,"0.5",12.9181290301037,"SSP5_8.5"
2081,"0.5",12.3977067217475,"SSP5_8.5"
2082,"0.5",11.9092821579767,"SSP5_8.5"
2083,"0.5",11.4505915566062,"SSP5_8.5"
2084,"0.5",11.0195455188324,"SSP5_8.5"
2085,"0.5",10.6142145269373,"SSP5_8.5"
2086,"0.5",10.232815737008,"SSP5_8.5"
2087,"0.5",9.87370094379293,"SSP5_8.5"
2088,"0.5",9.53534560704065,"SSP5_8.5"
2089,"0.5",9.21633883963201,"SSP5_8.5"
2090,"0.5",8.91537426765397,"SSP5_8.5"
2091,"0.5",8.63124168139653,"SSP5_8.5"
2092,"0.5",8.36281940418423,"SSP5_8.5"
2093,"0.5",8.10906731307725,"SSP5_8.5"
2094,"0.5",7.86902045187872,"SSP5_8.5"
2095,"0.5",7.6417831826383,"SSP5_8.5"
2096,"0.5",7.42652382701666,"SSP5_8.5"
2097,"0.5",7.22246975353016,"SSP5_8.5"
2098,"0.5",7.02890287088364,"SSP5_8.5"
2099,"0.5",6.84515549137086,"SSP5_8.5"
2100,"0.5",6.67060653171845,"SSP5_8.5"
2019,"0.75",26.7996713877008,"SSP5_8.5"
2020,"0.75",27.0140687588024,"SSP5_8.5"
2021,"0.75",27.2301813088728,"SSP5_8.5"
2022,"0.75",27.4480227593438,"SSP5_8.5"
2023,"0.75",27.6676069414186,"SSP5_8.5"
2024,"0.75",27.8889477969499,"SSP5_8.5"
2025,"0.75",28.1120593793255,"SSP5_8.5"
2026,"0.75",28.3369558543601,"SSP5_8.5"
2027,"0.75",28.563651501195,"SSP5_8.5"
2028,"0.75",28.7921607132045,"SSP5_8.5"
2029,"0.75",29.0224979989102,"SSP5_8.5"
2030,"0.75",29.2546779829015,"SSP5_8.5"
2031,"0.75",29.4887154067647,"SSP5_8.5"
2032,"0.75",29.7246251300188,"SSP5_8.5"
2033,"0.75",29.9624221310589,"SSP5_8.5"
2034,"0.75",30.2021215081074,"SSP5_8.5"
2035,"0.75",30.4437384801723,"SSP5_8.5"
2036,"0.75",30.6872883880137,"SSP5_8.5"
2037,"0.75",30.9327866951178,"SSP5_8.5"
2038,"0.75",31.1802489886787,"SSP5_8.5"
2039,"0.75",31.4296909805881,"SSP5_8.5"
2040,"0.75",31.6811285084328,"SSP5_8.5"
2041,"0.75",31.9345775365003,"SSP5_8.5"
2042,"0.75",32.1900541567923,"SSP5_8.5"
2043,"0.75",32.4475745900466,"SSP5_8.5"
2044,"0.75",32.707155186767,"SSP5_8.5"
2045,"0.75",32.9688124282611,"SSP5_8.5"
2046,"0.75",33.2325629276872,"SSP5_8.5"
2047,"0.75",33.4984234311087,"SSP5_8.5"
2048,"0.75",33.7664108185576,"SSP5_8.5"
2049,"0.75",34.0365421051061,"SSP5_8.5"
2050,"0.75",34.3088344419469,"SSP5_8.5"
2051,"0.75",34.5833051174825,"SSP5_8.5"
2052,"0.75",34.8599715584223,"SSP5_8.5"
2053,"0.75",35.1388513308897,"SSP5_8.5"
2054,"0.75",35.4199621415368,"SSP5_8.5"
2055,"0.75",35.7033218386691,"SSP5_8.5"
2056,"0.75",35.9889484133785,"SSP5_8.5"
2057,"0.75",36.2768600006855,"SSP5_8.5"
2058,"0.75",36.567074880691,"SSP5_8.5"
2059,"0.75",36.8596114797365,"SSP5_8.5"
2060,"0.75",37.1544883715744,"SSP5_8.5"
2061,"0.75",37.451724278547,"SSP5_8.5"
2062,"0.75",36.939230943216,"SSP5_8.5"
2063,"0.75",36.4630771004092,"SSP5_8.5"
2064,"0.75",35.996639963026,"SSP5_8.5"
2065,"0.75",35.5395097832973,"SSP5_8.5"
2066,"0.75",35.0650874983071,"SSP5_8.5"
2067,"0.75",34.6253534488713,"SSP5_8.5"
2068,"0.75",34.1947454321084,"SSP5_8.5"
2069,"0.75",33.7726793043985,"SSP5_8.5"
2070,"0.75",31.8464201954067,"SSP5_8.5"
2071,"0.75",30.0596902445051,"SSP5_8.5"
2072,"0.75",28.4012694836623,"SSP5_8.5"
2073,"0.75",26.8609149124429,"SSP5_8.5"
2074,"0.75",25.4292695467356,"SSP5_8.5"
2075,"0.75",24.0977803951068,"SSP5_8.5"
2076,"0.75",22.8586244515521,"SSP5_8.5"
2077,"0.75",21.7046418890205,"SSP5_8.5"
2078,"0.75",20.6292757234631,"SSP5_8.5"
2079,"0.75",19.6265172944207,"SSP5_8.5"
2080,"0.75",18.6908569762984,"SSP5_8.5"
2081,"0.75",17.8172395953591,"SSP5_8.5"
2082,"0.75",17.0010240818891,"SSP5_8.5"
2083,"0.75",16.2379469356315,"SSP5_8.5"
2084,"0.75",15.5240891260903,"SSP5_8.5"
2085,"0.75",14.8558460882101,"SSP5_8.5"
2086,"0.75",14.2299005087419,"SSP5_8.5"
2087,"0.75",13.6431976297534,"SSP5_8.5"
2088,"0.75",13.0929228236123,"SSP5_8.5"
2089,"0.75",12.5764812187308,"SSP5_8.5"
2090,"0.75",12.0914791777054,"SSP5_8.5"
2091,"0.75",11.6357074495043,"SSP5_8.5"
2092,"0.75",11.2071258352907,"SSP5_8.5"
2093,"0.75",10.8038492235449,"SSP5_8.5"
2094,"0.75",10.4241348645601,"SSP5_8.5"
2095,"0.75",10.0663707673094,"SSP5_8.5"
2096,"0.75",9.72906511327632,"SSP5_8.5"
2097,"0.75",9.4108365922437,"SSP5_8.5"
2098,"0.75",9.11040557437469,"SSP5_8.5"
2099,"0.75",8.82658604130449,"SSP5_8.5"
2100,"0.75",8.55827820649462,"SSP5_8.5"
2019,"1",26.7996713877008,"SSP5_8.5"
2020,"1",27.0140687588024,"SSP5_8.5"
2021,"1",27.2301813088728,"SSP5_8.5"
2022,"1",27.4480227593438,"SSP5_8.5"
2023,"1",27.6676069414186,"SSP5_8.5"
2024,"1",27.8889477969499,"SSP5_8.5"
2025,"1",28.1120593793255,"SSP5_8.5"
2026,"1",28.3369558543601,"SSP5_8.5"
2027,"1",28.563651501195,"SSP5_8.5"
2028,"1",28.7921607132045,"SSP5_8.5"
2029,"1",29.0224979989102,"SSP5_8.5"
2030,"1",29.2546779829015,"SSP5_8.5"
2031,"1",29.4887154067647,"SSP5_8.5"
2032,"1",29.7246251300188,"SSP5_8.5"
2033,"1",29.9624221310589,"SSP5_8.5"
2034,"1",30.2021215081074,"SSP5_8.5"
2035,"1",30.4437384801723,"SSP5_8.5"
2036,"1",30.6872883880137,"SSP5_8.5"
2037,"1",30.9327866951178,"SSP5_8.5"
2038,"1",31.1802489886787,"SSP5_8.5"
2039,"1",31.4296909805881,"SSP5_8.5"
2040,"1",31.6811285084328,"SSP5_8.5"
2041,"1",31.9345775365003,"SSP5_8.5"
2042,"1",32.1900541567923,"SSP5_8.5"
2043,"1",32.4475745900466,"SSP5_8.5"
2044,"1",32.707155186767,"SSP5_8.5"
2045,"1",32.9688124282611,"SSP5_8.5"
2046,"1",33.2325629276872,"SSP5_8.5"
2047,"1",33.4984234311087,"SSP5_8.5"
2048,"1",33.7664108185576,"SSP5_8.5"
2049,"1",34.0365421051061,"SSP5_8.5"
2050,"1",34.3088344419469,"SSP5_8.5"
2051,"1",34.5833051174825,"SSP5_8.5"
2052,"1",34.8599715584223,"SSP5_8.5"
2053,"1",35.1388513308897,"SSP5_8.5"
2054,"1",35.4199621415368,"SSP5_8.5"
2055,"1",35.7033218386691,"SSP5_8.5"
2056,"1",35.9889484133785,"SSP5_8.5"
2057,"1",36.2768600006855,"SSP5_8.5"
2058,"1",36.567074880691,"SSP5_8.5"
2059,"1",36.8596114797365,"SSP5_8.5"
2060,"1",37.1544883715744,"SSP5_8.5"
2061,"1",37.451724278547,"SSP5_8.5"
2062,"1",37.7513380727754,"SSP5_8.5"
2063,"1",38.0533487773576,"SSP5_8.5"
2064,"1",38.3577755675765,"SSP5_8.5"
2065,"1",38.6646377721171,"SSP5_8.5"
2066,"1",38.973954874294,"SSP5_8.5"
2067,"1",39.2857465132884,"SSP5_8.5"
2068,"1",39.6000324853947,"SSP5_8.5"
2069,"1",39.9168327452778,"SSP5_8.5"
2070,"1",39.1596151282401,"SSP5_8.5"
2071,"1",38.6521203821243,"SSP5_8.5"
2072,"1",36.3793702571042,"SSP5_8.5"
2073,"1",34.2730157880677,"SSP5_8.5"
2074,"1",33.9642661557652,"SSP5_8.5"
2075,"1",32.0290774993744,"SSP5_8.5"
2076,"1",30.2336353436916,"SSP5_8.5"
2077,"1",28.5667250894746,"SSP5_8.5"
2078,"1",27.0181073740799,"SSP5_8.5"
2079,"1",25.5784273256523,"SSP5_8.5"
2080,"1",24.2391327271996,"SSP5_8.5"
2081,"1",22.992400180342,"SSP5_8.5"
2082,"1",21.8310684541426,"SSP5_8.5"
2083,"1",20.7485782898035,"SSP5_8.5"
2084,"1",19.7389180082578,"SSP5_8.5"
2085,"1",18.7965743357975,"SSP5_8.5"
2086,"1",17.9164879237269,"SSP5_8.5"
2087,"1",17.0940130924122,"SSP5_8.5"
2088,"1",16.3248813786989,"SSP5_8.5"
2089,"1",15.6051685091265,"SSP5_8.5"
2090,"1",14.9312644602276,"SSP5_8.5"
2091,"1",14.299846301954,"SSP5_8.5"
2092,"1",13.7078535513721,"SSP5_8.5"
2093,"1",13.1524657915949,"SSP5_8.5"
2094,"1",12.6310823358294,"SSP5_8.5"
2095,"1",12.1413037387229,"SSP5_8.5"
2096,"1",11.6809149771639,"SSP5_8.5"
2097,"1",11.2478701405927,"SSP5_8.5"
2098,"1",10.8402784869115,"SSP5_8.5"
2099,"1",10.4563917344595,"SSP5_8.5"
2100,"1",10.0945924734098,"SSP5_8.5"
2019,"1.25",26.7996713877008,"SSP5_8.5"
2020,"1.25",26.9872690874147,"SSP5_8.5"
2021,"1.25",27.1761799710266,"SSP5_8.5"
2022,"1.25",27.3664132308238,"SSP5_8.5"
2023,"1.25",27.5579781234396,"SSP5_8.5"
2024,"1.25",27.7508839703036,"SSP5_8.5"
2025,"1.25",27.9451401580958,"SSP5_8.5"
2026,"1.25",28.1407561392024,"SSP5_8.5"
2027,"1.25",28.3377414321768,"SSP5_8.5"
2028,"1.25",28.5361056222021,"SSP5_8.5"
2029,"1.25",28.7358583615575,"SSP5_8.5"
2030,"1.25",28.9370093700884,"SSP5_8.5"
2031,"1.25",29.139568435679,"SSP5_8.5"
2032,"1.25",29.3435454147288,"SSP5_8.5"
2033,"1.25",29.5489502326319,"SSP5_8.5"
2034,"1.25",29.7557928842603,"SSP5_8.5"
2035,"1.25",29.9640834344501,"SSP5_8.5"
2036,"1.25",30.1738320184913,"SSP5_8.5"
2037,"1.25",30.3850488426207,"SSP5_8.5"
2038,"1.25",30.5977441845191,"SSP5_8.5"
2039,"1.25",30.8119283938107,"SSP5_8.5"
2040,"1.25",31.0276118925674,"SSP5_8.5"
2041,"1.25",31.2448051758153,"SSP5_8.5"
2042,"1.25",31.463518812046,"SSP5_8.5"
2043,"1.25",31.6837634437304,"SSP5_8.5"
2044,"1.25",31.9055497878365,"SSP5_8.5"
2045,"1.25",32.1288886363513,"SSP5_8.5"
2046,"1.25",32.3537908568058,"SSP5_8.5"
2047,"1.25",32.5802673928034,"SSP5_8.5"
2048,"1.25",32.8083292645531,"SSP5_8.5"
2049,"1.25",33.0379875694049,"SSP5_8.5"
2050,"1.25",33.2692534823908,"SSP5_8.5"
2051,"1.25",33.5021382567675,"SSP5_8.5"
2052,"1.25",33.7366532245649,"SSP5_8.5"
2053,"1.25",33.9728097971368,"SSP5_8.5"
2054,"1.25",34.2106194657168,"SSP5_8.5"
2055,"1.25",34.4500938019768,"SSP5_8.5"
2056,"1.25",34.6912444585906,"SSP5_8.5"
2057,"1.25",34.9340831698008,"SSP5_8.5"
2058,"1.25",35.1786217519894,"SSP5_8.5"
2059,"1.25",35.4248721042533,"SSP5_8.5"
2060,"1.25",35.6728462089831,"SSP5_8.5"
2061,"1.25",35.922556132446,"SSP5_8.5"
2062,"1.25",36.1740140253731,"SSP5_8.5"
2063,"1.25",36.4272321235507,"SSP5_8.5"
2064,"1.25",36.6822227484155,"SSP5_8.5"
2065,"1.25",36.9389983076545,"SSP5_8.5"
2066,"1.25",37.197571295808,"SSP5_8.5"
2067,"1.25",37.4579542948787,"SSP5_8.5"
2068,"1.25",37.7201599749428,"SSP5_8.5"
2069,"1.25",37.9842010947674,"SSP5_8.5"
2070,"1.25",38.2500905024308,"SSP5_8.5"
2071,"1.25",37.7283338158045,"SSP5_8.5"
2072,"1.25",37.2414971245387,"SSP5_8.5"
2073,"1.25",36.7645588634659,"SSP5_8.5"
2074,"1.25",36.2971173901089,"SSP5_8.5"
2075,"1.25",35.8141990208686,"SSP5_8.5"
2076,"1.25",35.3645839008538,"SSP5_8.5"
2077,"1.25",34.9242479689371,"SSP5_8.5"
2078,"1.25",34.4926273295038,"SSP5_8.5"
2079,"1.25",32.5253046950234,"SSP5_8.5"
2080,"1.25",30.7004857184404,"SSP5_8.5"
2081,"1.25",29.0067112379287,"SSP5_8.5"
2082,"1.25",27.4335198873373,"SSP5_8.5"
2083,"1.25",25.9713552058672,"SSP5_8.5"
2084,"1.25",24.6114818657129,"SSP5_8.5"
2085,"1.25",23.3459100870123,"SSP5_8.5"
2086,"1.25",22.1673274070917,"SSP5_8.5"
2087,"1.25",21.0690370581858,"SSP5_8.5"
2088,"1.25",20.0449022857062,"SSP5_8.5"
2089,"1.25",19.0892960087142,"SSP5_8.5"
2090,"1.25",18.1970552864382,"SSP5_8.5"
2091,"1.25",17.3634401102557,"SSP5_8.5"
2092,"1.25",16.5840960902414,"SSP5_8.5"
2093,"1.25",15.8550206498165,"SSP5_8.5"
2094,"1.25",15.1725323817648,"SSP5_8.5"
2095,"1.25",14.533243254433,"SSP5_8.5"
2096,"1.25",13.9340333887377,"SSP5_8.5"
2097,"1.25",13.3720281550732,"SSP5_8.5"
2098,"1.25",12.8445773647016,"SSP5_8.5"
2099,"1.25",12.3492363530288,"SSP5_8.5"
2100,"1.25",11.8837487726189,"SSP5_8.5"
2019,"1.5",26.7996713877008,"SSP5_8.5"
2020,"1.5",27.0140687588024,"SSP5_8.5"
2021,"1.5",27.2301813088728,"SSP5_8.5"
2022,"1.5",27.4480227593438,"SSP5_8.5"
2023,"1.5",27.6676069414186,"SSP5_8.5"
2024,"1.5",27.8889477969499,"SSP5_8.5"
2025,"1.5",28.1120593793255,"SSP5_8.5"
2026,"1.5",28.3369558543601,"SSP5_8.5"
2027,"1.5",28.563651501195,"SSP5_8.5"
2028,"1.5",28.7921607132045,"SSP5_8.5"
2029,"1.5",29.0224979989102,"SSP5_8.5"
2030,"1.5",29.2546779829015,"SSP5_8.5"
2031,"1.5",29.4887154067647,"SSP5_8.5"
2032,"1.5",29.7246251300188,"SSP5_8.5"
2033,"1.5",29.9624221310589,"SSP5_8.5"
2034,"1.5",30.2021215081074,"SSP5_8.5"
2035,"1.5",30.4437384801723,"SSP5_8.5"
2036,"1.5",30.6872883880137,"SSP5_8.5"
2037,"1.5",30.9327866951178,"SSP5_8.5"
2038,"1.5",31.1802489886787,"SSP5_8.5"
2039,"1.5",31.4296909805881,"SSP5_8.5"
2040,"1.5",31.6811285084328,"SSP5_8.5"
2041,"1.5",31.9345775365003,"SSP5_8.5"
2042,"1.5",32.1900541567923,"SSP5_8.5"
2043,"1.5",32.4475745900466,"SSP5_8.5"
2044,"1.5",32.707155186767,"SSP5_8.5"
2045,"1.5",32.9688124282611,"SSP5_8.5"
2046,"1.5",33.2325629276872,"SSP5_8.5"
2047,"1.5",33.4984234311087,"SSP5_8.5"
2048,"1.5",33.7664108185576,"SSP5_8.5"
2049,"1.5",34.0365421051061,"SSP5_8.5"
2050,"1.5",34.3088344419469,"SSP5_8.5"
2051,"1.5",34.5833051174825,"SSP5_8.5"
2052,"1.5",34.8599715584223,"SSP5_8.5"
2053,"1.5",35.1388513308897,"SSP5_8.5"
2054,"1.5",35.4199621415368,"SSP5_8.5"
2055,"1.5",35.7033218386691,"SSP5_8.5"
2056,"1.5",35.9889484133785,"SSP5_8.5"
2057,"1.5",36.2768600006855,"SSP5_8.5"
2058,"1.5",36.567074880691,"SSP5_8.5"
2059,"1.5",36.8596114797365,"SSP5_8.5"
2060,"1.5",37.1544883715744,"SSP5_8.5"
2061,"1.5",37.451724278547,"SSP5_8.5"
2062,"1.5",37.7513380727754,"SSP5_8.5"
2063,"1.5",38.0533487773576,"SSP5_8.5"
2064,"1.5",38.3577755675765,"SSP5_8.5"
2065,"1.5",38.6646377721171,"SSP5_8.5"
2066,"1.5",38.973954874294,"SSP5_8.5"
2067,"1.5",39.2857465132884,"SSP5_8.5"
2068,"1.5",39.6000324853947,"SSP5_8.5"
2069,"1.5",39.9168327452778,"SSP5_8.5"
2070,"1.5",40.23616740724,"SSP5_8.5"
2071,"1.5",40.558056746498,"SSP5_8.5"
2072,"1.5",40.88252120047,"SSP5_8.5"
2073,"1.5",41.2095813700737,"SSP5_8.5"
2074,"1.5",41.5392580210343,"SSP5_8.5"
2075,"1.5",41.8715720852026,"SSP5_8.5"
2076,"1.5",42.2065446618842,"SSP5_8.5"
2077,"1.5",41.628985864172,"SSP5_8.5"
2078,"1.5",41.9620177510854,"SSP5_8.5"
2079,"1.5",41.4211192132999,"SSP5_8.5"
2080,"1.5",40.8912586033503,"SSP5_8.5"
2081,"1.5",40.342220069992,"SSP5_8.5"
2082,"1.5",39.8328066346892,"SSP5_8.5"
2083,"1.5",37.5330869302496,"SSP5_8.5"
2084,"1.5",35.4007515735515,"SSP5_8.5"
2085,"1.5",33.4223017091341,"SSP5_8.5"
2086,"1.5",31.585416008951,"SSP5_8.5"
2087,"1.5",29.8788409723567,"SSP5_8.5"
2088,"1.5",28.2922919901462,"SSP5_8.5"
2089,"1.5",26.8163640753698,"SSP5_8.5"
2090,"1.5",25.4424512785409,"SSP5_8.5"
2091,"1.5",24.1626739074933,"SSP5_8.5"
2092,"1.5",22.9698127638524,"SSP5_8.5"
2093,"1.5",21.8572496900399,"SSP5_8.5"
2094,"1.5",20.8189137939884,"SSP5_8.5"
2095,"1.5",19.8492327842332,"SSP5_8.5"
2096,"1.5",18.9430889066161,"SSP5_8.5"
2097,"1.5",18.0957790262134,"SSP5_8.5"
2098,"1.5",17.302978444962,"SSP5_8.5"
2099,"1.5",16.5607080873882,"SSP5_8.5"
2100,"1.5",15.8653047243707,"SSP5_8.5"
2019,"1.75",26.7996713877008,"SSP5_8.5"
2020,"1.75",27.0140687588024,"SSP5_8.5"
2021,"1.75",27.2301813088728,"SSP5_8.5"
2022,"1.75",27.4480227593438,"SSP5_8.5"
2023,"1.75",27.6676069414186,"SSP5_8.5"
2024,"1.75",27.8889477969499,"SSP5_8.5"
2025,"1.75",28.1120593793255,"SSP5_8.5"
2026,"1.75",28.3369558543601,"SSP5_8.5"
2027,"1.75",28.563651501195,"SSP5_8.5"
2028,"1.75",28.7921607132045,"SSP5_8.5"
2029,"1.75",29.0224979989102,"SSP5_8.5"
2030,"1.75",29.2546779829015,"SSP5_8.5"
2031,"1.75",29.4887154067647,"SSP5_8.5"
2032,"1.75",29.7246251300188,"SSP5_8.5"
2033,"1.75",29.9624221310589,"SSP5_8.5"
2034,"1.75",30.2021215081074,"SSP5_8.5"
2035,"1.75",30.4437384801723,"SSP5_8.5"
2036,"1.75",30.6872883880137,"SSP5_8.5"
2037,"1.75",30.9327866951178,"SSP5_8.5"
2038,"1.75",31.1802489886787,"SSP5_8.5"
2039,"1.75",31.4296909805881,"SSP5_8.5"
2040,"1.75",31.6811285084328,"SSP5_8.5"
2041,"1.75",31.9345775365003,"SSP5_8.5"
2042,"1.75",32.1900541567923,"SSP5_8.5"
2043,"1.75",32.4475745900466,"SSP5_8.5"
2044,"1.75",32.707155186767,"SSP5_8.5"
2045,"1.75",32.9688124282611,"SSP5_8.5"
2046,"1.75",33.2325629276872,"SSP5_8.5"
2047,"1.75",33.4984234311087,"SSP5_8.5"
2048,"1.75",33.7664108185576,"SSP5_8.5"
2049,"1.75",34.0365421051061,"SSP5_8.5"
2050,"1.75",34.3088344419469,"SSP5_8.5"
2051,"1.75",34.5833051174825,"SSP5_8.5"
2052,"1.75",34.8599715584223,"SSP5_8.5"
2053,"1.75",35.1388513308897,"SSP5_8.5"
2054,"1.75",35.4199621415368,"SSP5_8.5"
2055,"1.75",35.7033218386691,"SSP5_8.5"
2056,"1.75",35.9889484133785,"SSP5_8.5"
2057,"1.75",36.2768600006855,"SSP5_8.5"
2058,"1.75",36.567074880691,"SSP5_8.5"
2059,"1.75",36.8596114797365,"SSP5_8.5"
2060,"1.75",37.1544883715744,"SSP5_8.5"
2061,"1.75",37.451724278547,"SSP5_8.5"
2062,"1.75",37.7513380727754,"SSP5_8.5"
2063,"1.75",38.0533487773576,"SSP5_8.5"
2064,"1.75",38.3577755675765,"SSP5_8.5"
2065,"1.75",38.6646377721171,"SSP5_8.5"
2066,"1.75",38.973954874294,"SSP5_8.5"
2067,"1.75",39.2857465132884,"SSP5_8.5"
2068,"1.75",39.6000324853947,"SSP5_8.5"
2069,"1.75",39.9168327452778,"SSP5_8.5"
2070,"1.75",40.23616740724,"SSP5_8.5"
2071,"1.75",40.558056746498,"SSP5_8.5"
2072,"1.75",40.88252120047,"SSP5_8.5"
2073,"1.75",41.2095813700737,"SSP5_8.5"
2074,"1.75",41.5392580210343,"SSP5_8.5"
2075,"1.75",41.8715720852026,"SSP5_8.5"
2076,"1.75",42.2065446618842,"SSP5_8.5"
2077,"1.75",42.5441970191793,"SSP5_8.5"
2078,"1.75",42.8845505953327,"SSP5_8.5"
2079,"1.75",43.2276270000954,"SSP5_8.5"
2080,"1.75",43.5734480160961,"SSP5_8.5"
2081,"1.75",43.9220356002249,"SSP5_8.5"
2082,"1.75",44.2734118850267,"SSP5_8.5"
2083,"1.75",43.6675698587775,"SSP5_8.5"
2084,"1.75",43.1046864239206,"SSP5_8.5"
2085,"1.75",42.5532895550274,"SSP5_8.5"
2086,"1.75",42.0128948703481,"SSP5_8.5"
2087,"1.75",41.4520583899076,"SSP5_8.5"
2088,"1.75",40.9322284737802,"SSP5_8.5"
2089,"1.75",38.5785831706603,"SSP5_8.5"
2090,"1.75",38.191121677983,"SSP5_8.5"
2091,"1.75",36.0341023240118,"SSP5_8.5"
2092,"1.75",34.0327225379105,"SSP5_8.5"
2093,"1.75",32.174496483148,"SSP5_8.5"
2094,"1.75",30.4480239513124,"SSP5_8.5"
2095,"1.75",28.8428893434118,"SSP5_8.5"
2096,"1.75",27.3495705713223,"SSP5_8.5"
2097,"1.75",25.9593568656561,"SSP5_8.5"
2098,"1.75",24.6642745828607,"SSP5_8.5"
2099,"1.75",23.4570201994818,"SSP5_8.5"
2100,"1.75",22.3308997664659,"SSP5_8.5"
2019,"2",26.7996713877008,"SSP5_8.5"
2020,"2",27.0140687588024,"SSP5_8.5"
2021,"2",27.2301813088728,"SSP5_8.5"
2022,"2",27.4480227593438,"SSP5_8.5"
2023,"2",27.6676069414186,"SSP5_8.5"
2024,"2",27.8889477969499,"SSP5_8.5"
2025,"2",28.1120593793255,"SSP5_8.5"
2026,"2",28.3369558543601,"SSP5_8.5"
2027,"2",28.563651501195,"SSP5_8.5"
2028,"2",28.7921607132045,"SSP5_8.5"
2029,"2",29.0224979989102,"SSP5_8.5"
2030,"2",29.2546779829015,"SSP5_8.5"
2031,"2",29.4887154067647,"SSP5_8.5"
2032,"2",29.7246251300188,"SSP5_8.5"
2033,"2",29.9624221310589,"SSP5_8.5"
2034,"2",30.2021215081074,"SSP5_8.5"
2035,"2",30.4437384801723,"SSP5_8.5"
2036,"2",30.6872883880137,"SSP5_8.5"
2037,"2",30.9327866951178,"SSP5_8.5"
2038,"2",31.1802489886787,"SSP5_8.5"
2039,"2",31.4296909805881,"SSP5_8.5"
2040,"2",31.6811285084328,"SSP5_8.5"
2041,"2",31.9345775365003,"SSP5_8.5"
2042,"2",32.1900541567923,"SSP5_8.5"
2043,"2",32.4475745900466,"SSP5_8.5"
2044,"2",32.707155186767,"SSP5_8.5"
2045,"2",32.9688124282611,"SSP5_8.5"
2046,"2",33.2325629276872,"SSP5_8.5"
2047,"2",33.4984234311087,"SSP5_8.5"
2048,"2",33.7664108185576,"SSP5_8.5"
2049,"2",34.0365421051061,"SSP5_8.5"
2050,"2",34.3088344419469,"SSP5_8.5"
2051,"2",34.5833051174825,"SSP5_8.5"
2052,"2",34.8599715584223,"SSP5_8.5"
2053,"2",35.1388513308897,"SSP5_8.5"
2054,"2",35.4199621415368,"SSP5_8.5"
2055,"2",35.7033218386691,"SSP5_8.5"
2056,"2",35.9889484133785,"SSP5_8.5"
2057,"2",36.2768600006855,"SSP5_8.5"
2058,"2",36.567074880691,"SSP5_8.5"
2059,"2",36.8596114797365,"SSP5_8.5"
2060,"2",37.1544883715744,"SSP5_8.5"
2061,"2",37.451724278547,"SSP5_8.5"
2062,"2",37.7513380727754,"SSP5_8.5"
2063,"2",38.0533487773576,"SSP5_8.5"
2064,"2",38.3577755675765,"SSP5_8.5"
2065,"2",38.6646377721171,"SSP5_8.5"
2066,"2",38.973954874294,"SSP5_8.5"
2067,"2",39.2857465132884,"SSP5_8.5"
2068,"2",39.6000324853947,"SSP5_8.5"
2069,"2",39.9168327452778,"SSP5_8.5"
2070,"2",40.23616740724,"SSP5_8.5"
2071,"2",40.558056746498,"SSP5_8.5"
2072,"2",40.88252120047,"SSP5_8.5"
2073,"2",41.2095813700737,"SSP5_8.5"
2074,"2",41.5392580210343,"SSP5_8.5"
2075,"2",41.8715720852026,"SSP5_8.5"
2076,"2",42.2065446618842,"SSP5_8.5"
2077,"2",42.5441970191793,"SSP5_8.5"
2078,"2",42.8845505953327,"SSP5_8.5"
2079,"2",43.2276270000954,"SSP5_8.5"
2080,"2",43.5734480160961,"SSP5_8.5"
2081,"2",43.9220356002249,"SSP5_8.5"
2082,"2",44.2734118850267,"SSP5_8.5"
2083,"2",44.6275991801069,"SSP5_8.5"
2084,"2",44.9846199735478,"SSP5_8.5"
2085,"2",44.3690457009889,"SSP5_8.5"
2086,"2",44.7239980665968,"SSP5_8.5"
2087,"2",45.0817900511296,"SSP5_8.5"
2088,"2",44.5006770440274,"SSP5_8.5"
2089,"2",43.8997140199762,"SSP5_8.5"
2090,"2",43.3413168355362,"SSP5_8.5"
2091,"2",42.7942754180039,"SSP5_8.5"
2092,"2",42.2578597938691,"SSP5_8.5"
2093,"2",39.8279894482144,"SSP5_8.5"
2094,"2",39.3965445200641,"SSP5_8.5"
2095,"2",37.1734598906344,"SSP5_8.5"
2096,"2",35.1105979623014,"SSP5_8.5"
2097,"2",33.195123707619,"SSP5_8.5"
2098,"2",31.4153162308597,"SSP5_8.5"
2099,"2",29.7604652805513,"SSP5_8.5"
2100,"2",28.2207779065935,"SSP5_8.5"
