Time,cover,RAP,sdRAP,AH,sdAH,ncc,sdncc,Site,lat,long
2022,12,1.765864611,1.049820752,1.765864611,1.049820752,3,1,EDR9,24.46028,-81.84306
2022,4,1.765864611,1.049820752,1.765864611,1.049820752,0.4,0.7,EDR10,24.27,-81.5
2022,1.17,0.06,1.049820752,1.765864611,1.049820752,-0.32,,IC-C2,24.53092,-81.48544
2022,0.1,-0.05,1.049820752,1.765864611,1.049820752,-0.45,,IC-C3,24.53109,-81.48502
2022,0.63,-0.01,1.049820752,1.765864611,1.049820752,-0.4,,IC-U1,24.5407,-81.44387
2022,0.33,-0.03,1.049820752,1.765864611,1.049820752,-0.43,,IC-U3,24.54047,-81.44465
2022,0.43,-0.02,1.049820752,1.765864611,1.049820752,-0.42,,IC-Z1,24.52766,-81.49779
2022,0.33,-0.02,1.049820752,1.765864611,1.049820752,-0.42,,IC-Z2,24.5274,-81.499
2022,0.24,-0.04,1.049820752,1.765864611,1.049820752,-0.44,,IC-Z3,24.52757,-81.49843
