"Time","Scenario","variable","perHC","perBBS","permicro","perSCP"
2019,"SSP2_4.5","0",90.8,1.4,7.3,0.5
2019,"SSP2_4.5","0.25",90.8,1.4,7.3,0.5
2019,"SSP2_4.5","0.5",90.8,1.4,7.3,0.5
2019,"SSP2_4.5","0.75",90.8,1.4,7.3,0.5
2019,"SSP2_4.5","1",90.8,1.4,7.3,0.5
2019,"SSP2_4.5","1.25",90.8,1.4,7.3,0.5
2019,"SSP2_4.5","1.5",90.8,1.4,7.3,0.5
2019,"SSP2_4.5","1.75",90.8,1.4,7.3,0.5
2019,"SSP2_4.5","2",90.8,1.4,7.3,0.5
2019,"SSP5_8.5","0",90.7,1.4,7.4,0.5
2019,"SSP5_8.5","0.25",90.7,1.4,7.4,0.5
2019,"SSP5_8.5","0.5",90.7,1.4,7.4,0.5
2019,"SSP5_8.5","0.75",90.7,1.4,7.4,0.5
2019,"SSP5_8.5","1",90.7,1.4,7.4,0.5
2019,"SSP5_8.5","1.25",90.7,1.4,7.4,0.5
2019,"SSP5_8.5","1.5",90.7,1.4,7.4,0.5
2019,"SSP5_8.5","1.75",90.7,1.4,7.4,0.5
2019,"SSP5_8.5","2",90.7,1.4,7.4,0.5
2020,"SSP2_4.5","0",90.5,1.4,7.6,0.5
2020,"SSP2_4.5","0.25",90.5,1.4,7.6,0.5
2020,"SSP2_4.5","0.5",90.5,1.4,7.6,0.5
2020,"SSP2_4.5","0.75",90.5,1.4,7.6,0.5
2020,"SSP2_4.5","1",90.5,1.4,7.6,0.5
2020,"SSP2_4.5","1.25",90.5,1.4,7.6,0.5
2020,"SSP2_4.5","1.5",90.5,1.4,7.6,0.5
2020,"SSP2_4.5","1.75",90.5,1.4,7.6,0.5
2020,"SSP2_4.5","2",90.5,1.4,7.6,0.5
2020,"SSP5_8.5","0",90.3,1.4,7.8,0.5
2020,"SSP5_8.5","0.25",90.3,1.4,7.8,0.5
2020,"SSP5_8.5","0.5",90.3,1.4,7.8,0.5
2020,"SSP5_8.5","0.75",90.3,1.4,7.8,0.5
2020,"SSP5_8.5","1",90.3,1.4,7.8,0.5
2020,"SSP5_8.5","1.25",90.3,1.4,7.8,0.5
2020,"SSP5_8.5","1.5",90.3,1.4,7.8,0.5
2020,"SSP5_8.5","1.75",90.3,1.4,7.8,0.5
2020,"SSP5_8.5","2",90.3,1.4,7.8,0.5
2021,"SSP2_4.5","0",90.3,1.4,7.8,0.5
2021,"SSP2_4.5","0.25",90.3,1.4,7.8,0.5
2021,"SSP2_4.5","0.5",90.3,1.4,7.8,0.5
2021,"SSP2_4.5","0.75",90.3,1.4,7.8,0.5
2021,"SSP2_4.5","1",90.3,1.4,7.8,0.5
2021,"SSP2_4.5","1.25",90.3,1.4,7.8,0.5
2021,"SSP2_4.5","1.5",90.3,1.4,7.8,0.5
2021,"SSP2_4.5","1.75",90.3,1.4,7.8,0.5
2021,"SSP2_4.5","2",90.3,1.4,7.8,0.5
2021,"SSP5_8.5","0",90.6,1.4,7.5,0.5
2021,"SSP5_8.5","0.25",90.6,1.4,7.5,0.5
2021,"SSP5_8.5","0.5",90.6,1.4,7.5,0.5
2021,"SSP5_8.5","0.75",90.6,1.4,7.5,0.5
2021,"SSP5_8.5","1",90.6,1.4,7.5,0.5
2021,"SSP5_8.5","1.25",90.6,1.4,7.5,0.5
2021,"SSP5_8.5","1.5",90.6,1.4,7.5,0.5
2021,"SSP5_8.5","1.75",90.6,1.4,7.5,0.5
2021,"SSP5_8.5","2",90.6,1.4,7.5,0.5
2022,"SSP2_4.5","0",89.9,1.4,8.2,0.5
2022,"SSP2_4.5","0.25",89.9,1.4,8.2,0.5
2022,"SSP2_4.5","0.5",89.9,1.4,8.2,0.5
2022,"SSP2_4.5","0.75",89.9,1.4,8.2,0.5
2022,"SSP2_4.5","1",89.9,1.4,8.2,0.5
2022,"SSP2_4.5","1.25",89.9,1.4,8.2,0.5
2022,"SSP2_4.5","1.5",89.9,1.4,8.2,0.5
2022,"SSP2_4.5","1.75",89.9,1.4,8.2,0.5
2022,"SSP2_4.5","2",89.9,1.4,8.2,0.5
2022,"SSP5_8.5","0",90.2,1.4,7.9,0.5
2022,"SSP5_8.5","0.25",90.2,1.4,7.9,0.5
2022,"SSP5_8.5","0.5",90.2,1.4,7.9,0.5
2022,"SSP5_8.5","0.75",90.2,1.4,7.9,0.5
2022,"SSP5_8.5","1",90.2,1.4,7.9,0.5
2022,"SSP5_8.5","1.25",90.1,1.4,7.9,0.5
2022,"SSP5_8.5","1.5",90.2,1.4,7.9,0.5
2022,"SSP5_8.5","1.75",90.2,1.4,7.9,0.5
2022,"SSP5_8.5","2",90.2,1.4,7.9,0.5
2023,"SSP2_4.5","0",90.5,1.4,7.6,0.5
2023,"SSP2_4.5","0.25",90.5,1.4,7.6,0.5
2023,"SSP2_4.5","0.5",90.5,1.4,7.6,0.5
2023,"SSP2_4.5","0.75",90.5,1.4,7.6,0.5
2023,"SSP2_4.5","1",90.5,1.4,7.6,0.5
2023,"SSP2_4.5","1.25",90.5,1.4,7.6,0.5
2023,"SSP2_4.5","1.5",90.5,1.4,7.6,0.5
2023,"SSP2_4.5","1.75",90.5,1.4,7.6,0.5
2023,"SSP2_4.5","2",90.5,1.4,7.6,0.5
2023,"SSP5_8.5","0",90.1,1.4,8,0.5
2023,"SSP5_8.5","0.25",90.1,1.4,8,0.5
2023,"SSP5_8.5","0.5",90.1,1.4,8,0.5
2023,"SSP5_8.5","0.75",90.1,1.4,8,0.5
2023,"SSP5_8.5","1",90.1,1.4,8,0.5
2023,"SSP5_8.5","1.25",90,1.4,8,0.5
2023,"SSP5_8.5","1.5",90.1,1.4,8,0.5
2023,"SSP5_8.5","1.75",90.1,1.4,8,0.5
2023,"SSP5_8.5","2",90.1,1.4,8,0.5
2024,"SSP2_4.5","0",90.1,1.4,8,0.5
2024,"SSP2_4.5","0.25",90.1,1.4,8,0.5
2024,"SSP2_4.5","0.5",90.1,1.4,8,0.5
2024,"SSP2_4.5","0.75",90.1,1.4,8,0.5
2024,"SSP2_4.5","1",90.1,1.4,8,0.5
2024,"SSP2_4.5","1.25",90.1,1.4,8,0.5
2024,"SSP2_4.5","1.5",90.1,1.4,8,0.5
2024,"SSP2_4.5","1.75",90.1,1.4,8,0.5
2024,"SSP2_4.5","2",90.1,1.4,8,0.5
2024,"SSP5_8.5","0",89.7,1.4,8.4,0.5
2024,"SSP5_8.5","0.25",89.7,1.4,8.4,0.5
2024,"SSP5_8.5","0.5",89.7,1.4,8.4,0.5
2024,"SSP5_8.5","0.75",89.7,1.4,8.4,0.5
2024,"SSP5_8.5","1",89.7,1.4,8.4,0.5
2024,"SSP5_8.5","1.25",89.6,1.5,8.4,0.5
2024,"SSP5_8.5","1.5",89.7,1.4,8.4,0.5
2024,"SSP5_8.5","1.75",89.7,1.4,8.4,0.5
2024,"SSP5_8.5","2",89.7,1.4,8.4,0.5
2025,"SSP2_4.5","0",90.1,1.4,7.9,0.5
2025,"SSP2_4.5","0.25",90.1,1.4,7.9,0.5
2025,"SSP2_4.5","0.5",90.1,1.4,7.9,0.5
2025,"SSP2_4.5","0.75",90.1,1.4,7.9,0.5
2025,"SSP2_4.5","1",90.1,1.4,7.9,0.5
2025,"SSP2_4.5","1.25",90.1,1.4,7.9,0.5
2025,"SSP2_4.5","1.5",90.1,1.4,7.9,0.5
2025,"SSP2_4.5","1.75",90.1,1.4,7.9,0.5
2025,"SSP2_4.5","2",90.1,1.4,7.9,0.5
2025,"SSP5_8.5","0",89.5,1.4,8.5,0.5
2025,"SSP5_8.5","0.25",89.5,1.4,8.5,0.5
2025,"SSP5_8.5","0.5",89.5,1.4,8.5,0.5
2025,"SSP5_8.5","0.75",89.5,1.4,8.5,0.5
2025,"SSP5_8.5","1",89.5,1.4,8.5,0.5
2025,"SSP5_8.5","1.25",89.5,1.5,8.6,0.5
2025,"SSP5_8.5","1.5",89.5,1.4,8.5,0.5
2025,"SSP5_8.5","1.75",89.5,1.4,8.5,0.5
2025,"SSP5_8.5","2",89.5,1.4,8.5,0.5
2026,"SSP2_4.5","0",90.1,1.4,8,0.5
2026,"SSP2_4.5","0.25",90.1,1.4,8,0.5
2026,"SSP2_4.5","0.5",90.1,1.4,8,0.5
2026,"SSP2_4.5","0.75",90.1,1.4,8,0.5
2026,"SSP2_4.5","1",90.1,1.4,8,0.5
2026,"SSP2_4.5","1.25",90.1,1.4,8,0.5
2026,"SSP2_4.5","1.5",90.1,1.4,8,0.5
2026,"SSP2_4.5","1.75",90.1,1.4,8,0.5
2026,"SSP2_4.5","2",90.1,1.4,8,0.5
2026,"SSP5_8.5","0",90,1.4,8,0.5
2026,"SSP5_8.5","0.25",90,1.4,8,0.5
2026,"SSP5_8.5","0.5",90,1.4,8,0.5
2026,"SSP5_8.5","0.75",90,1.4,8,0.5
2026,"SSP5_8.5","1",90,1.4,8,0.5
2026,"SSP5_8.5","1.25",90,1.5,8.1,0.5
2026,"SSP5_8.5","1.5",90,1.4,8,0.5
2026,"SSP5_8.5","1.75",90,1.4,8,0.5
2026,"SSP5_8.5","2",90,1.4,8,0.5
2027,"SSP2_4.5","0",90.1,1.4,8,0.5
2027,"SSP2_4.5","0.25",90.1,1.4,8,0.5
2027,"SSP2_4.5","0.5",90.1,1.4,8,0.5
2027,"SSP2_4.5","0.75",90.1,1.4,8,0.5
2027,"SSP2_4.5","1",90.1,1.4,8,0.5
2027,"SSP2_4.5","1.25",90.1,1.4,8,0.5
2027,"SSP2_4.5","1.5",90.1,1.4,8,0.5
2027,"SSP2_4.5","1.75",90.1,1.4,8,0.5
2027,"SSP2_4.5","2",90.1,1.4,8,0.5
2027,"SSP5_8.5","0",89.9,1.4,8.2,0.5
2027,"SSP5_8.5","0.25",89.9,1.4,8.2,0.5
2027,"SSP5_8.5","0.5",89.9,1.4,8.2,0.5
2027,"SSP5_8.5","0.75",89.9,1.4,8.2,0.5
2027,"SSP5_8.5","1",89.9,1.4,8.2,0.5
2027,"SSP5_8.5","1.25",89.8,1.5,8.2,0.5
2027,"SSP5_8.5","1.5",89.9,1.4,8.2,0.5
2027,"SSP5_8.5","1.75",89.9,1.4,8.2,0.5
2027,"SSP5_8.5","2",89.9,1.4,8.2,0.5
2028,"SSP2_4.5","0",90,1.4,8.1,0.5
2028,"SSP2_4.5","0.25",90,1.4,8.1,0.5
2028,"SSP2_4.5","0.5",90,1.4,8.1,0.5
2028,"SSP2_4.5","0.75",90,1.4,8.1,0.5
2028,"SSP2_4.5","1",90,1.4,8.1,0.5
2028,"SSP2_4.5","1.25",90,1.4,8.1,0.5
2028,"SSP2_4.5","1.5",90,1.4,8.1,0.5
2028,"SSP2_4.5","1.75",90,1.4,8.1,0.5
2028,"SSP2_4.5","2",90,1.4,8.1,0.5
2028,"SSP5_8.5","0",89.7,1.5,8.4,0.5
2028,"SSP5_8.5","0.25",89.7,1.5,8.4,0.5
2028,"SSP5_8.5","0.5",89.7,1.5,8.4,0.5
2028,"SSP5_8.5","0.75",89.7,1.5,8.4,0.5
2028,"SSP5_8.5","1",89.7,1.5,8.4,0.5
2028,"SSP5_8.5","1.25",89.6,1.5,8.4,0.5
2028,"SSP5_8.5","1.5",89.7,1.5,8.4,0.5
2028,"SSP5_8.5","1.75",89.7,1.5,8.4,0.5
2028,"SSP5_8.5","2",89.7,1.5,8.4,0.5
2029,"SSP2_4.5","0",89.7,1.4,8.3,0.5
2029,"SSP2_4.5","0.25",89.7,1.4,8.3,0.5
2029,"SSP2_4.5","0.5",89.7,1.4,8.3,0.5
2029,"SSP2_4.5","0.75",89.7,1.4,8.3,0.5
2029,"SSP2_4.5","1",89.7,1.4,8.3,0.5
2029,"SSP2_4.5","1.25",89.7,1.4,8.3,0.5
2029,"SSP2_4.5","1.5",89.7,1.4,8.3,0.5
2029,"SSP2_4.5","1.75",89.7,1.4,8.3,0.5
2029,"SSP2_4.5","2",89.7,1.4,8.3,0.5
2029,"SSP5_8.5","0",89.2,1.5,8.8,0.5
2029,"SSP5_8.5","0.25",89.2,1.5,8.8,0.5
2029,"SSP5_8.5","0.5",89.2,1.5,8.8,0.5
2029,"SSP5_8.5","0.75",89.2,1.5,8.8,0.5
2029,"SSP5_8.5","1",89.2,1.5,8.8,0.5
2029,"SSP5_8.5","1.25",89.1,1.5,8.9,0.5
2029,"SSP5_8.5","1.5",89.2,1.5,8.8,0.5
2029,"SSP5_8.5","1.75",89.2,1.5,8.8,0.5
2029,"SSP5_8.5","2",89.2,1.5,8.8,0.5
2030,"SSP2_4.5","0",89.9,1.4,8.2,0.5
2030,"SSP2_4.5","0.25",89.9,1.4,8.2,0.5
2030,"SSP2_4.5","0.5",89.9,1.4,8.2,0.5
2030,"SSP2_4.5","0.75",89.9,1.4,8.2,0.5
2030,"SSP2_4.5","1",89.9,1.4,8.2,0.5
2030,"SSP2_4.5","1.25",89.9,1.4,8.2,0.5
2030,"SSP2_4.5","1.5",89.9,1.4,8.2,0.5
2030,"SSP2_4.5","1.75",89.9,1.4,8.2,0.5
2030,"SSP2_4.5","2",89.9,1.4,8.2,0.5
2030,"SSP5_8.5","0",89.5,1.5,8.6,0.5
2030,"SSP5_8.5","0.25",89.5,1.5,8.6,0.5
2030,"SSP5_8.5","0.5",89.5,1.5,8.6,0.5
2030,"SSP5_8.5","0.75",89.5,1.5,8.6,0.5
2030,"SSP5_8.5","1",89.5,1.5,8.6,0.5
2030,"SSP5_8.5","1.25",89.3,1.5,8.7,0.5
2030,"SSP5_8.5","1.5",89.5,1.5,8.6,0.5
2030,"SSP5_8.5","1.75",89.5,1.5,8.6,0.5
2030,"SSP5_8.5","2",89.5,1.5,8.6,0.5
2031,"SSP2_4.5","0",89.7,1.4,8.4,0.5
2031,"SSP2_4.5","0.25",89.7,1.4,8.4,0.5
2031,"SSP2_4.5","0.5",89.7,1.4,8.4,0.5
2031,"SSP2_4.5","0.75",89.7,1.4,8.4,0.5
2031,"SSP2_4.5","1",89.7,1.4,8.4,0.5
2031,"SSP2_4.5","1.25",89.7,1.4,8.4,0.5
2031,"SSP2_4.5","1.5",89.7,1.4,8.4,0.5
2031,"SSP2_4.5","1.75",89.7,1.4,8.4,0.5
2031,"SSP2_4.5","2",89.7,1.4,8.4,0.5
2031,"SSP5_8.5","0",89.4,1.5,8.6,0.5
2031,"SSP5_8.5","0.25",89.4,1.5,8.6,0.5
2031,"SSP5_8.5","0.5",89.4,1.5,8.6,0.5
2031,"SSP5_8.5","0.75",89.4,1.5,8.6,0.5
2031,"SSP5_8.5","1",89.4,1.5,8.6,0.5
2031,"SSP5_8.5","1.25",89.3,1.5,8.7,0.5
2031,"SSP5_8.5","1.5",89.4,1.5,8.6,0.5
2031,"SSP5_8.5","1.75",89.4,1.5,8.6,0.5
2031,"SSP5_8.5","2",89.4,1.5,8.6,0.5
2032,"SSP2_4.5","0",89.8,1.4,8.3,0.5
2032,"SSP2_4.5","0.25",89.8,1.4,8.3,0.5
2032,"SSP2_4.5","0.5",89.8,1.4,8.3,0.5
2032,"SSP2_4.5","0.75",89.8,1.4,8.3,0.5
2032,"SSP2_4.5","1",89.8,1.4,8.3,0.5
2032,"SSP2_4.5","1.25",89.8,1.4,8.3,0.5
2032,"SSP2_4.5","1.5",89.8,1.4,8.3,0.5
2032,"SSP2_4.5","1.75",89.8,1.4,8.3,0.5
2032,"SSP2_4.5","2",89.8,1.4,8.3,0.5
2032,"SSP5_8.5","0",89.3,1.5,8.7,0.5
2032,"SSP5_8.5","0.25",89.3,1.5,8.7,0.5
2032,"SSP5_8.5","0.5",89.3,1.5,8.7,0.5
2032,"SSP5_8.5","0.75",89.3,1.5,8.7,0.5
2032,"SSP5_8.5","1",89.3,1.5,8.7,0.5
2032,"SSP5_8.5","1.25",89.2,1.5,8.8,0.5
2032,"SSP5_8.5","1.5",89.3,1.5,8.7,0.5
2032,"SSP5_8.5","1.75",89.3,1.5,8.7,0.5
2032,"SSP5_8.5","2",89.3,1.5,8.7,0.5
2033,"SSP2_4.5","0",89.6,1.4,8.4,0.5
2033,"SSP2_4.5","0.25",89.6,1.4,8.4,0.5
2033,"SSP2_4.5","0.5",89.6,1.4,8.4,0.5
2033,"SSP2_4.5","0.75",89.6,1.4,8.4,0.5
2033,"SSP2_4.5","1",89.6,1.4,8.4,0.5
2033,"SSP2_4.5","1.25",89.6,1.4,8.4,0.5
2033,"SSP2_4.5","1.5",89.6,1.4,8.4,0.5
2033,"SSP2_4.5","1.75",89.6,1.4,8.4,0.5
2033,"SSP2_4.5","2",89.6,1.4,8.4,0.5
2033,"SSP5_8.5","0",89.2,1.5,8.9,0.5
2033,"SSP5_8.5","0.25",89.2,1.5,8.9,0.5
2033,"SSP5_8.5","0.5",89.2,1.5,8.9,0.5
2033,"SSP5_8.5","0.75",89.2,1.5,8.9,0.5
2033,"SSP5_8.5","1",89.2,1.5,8.9,0.5
2033,"SSP5_8.5","1.25",89,1.5,9,0.5
2033,"SSP5_8.5","1.5",89.2,1.5,8.9,0.5
2033,"SSP5_8.5","1.75",89.2,1.5,8.9,0.5
2033,"SSP5_8.5","2",89.2,1.5,8.9,0.5
2034,"SSP2_4.5","0",89.8,1.4,8.3,0.5
2034,"SSP2_4.5","0.25",89.8,1.4,8.3,0.5
2034,"SSP2_4.5","0.5",89.8,1.4,8.3,0.5
2034,"SSP2_4.5","0.75",89.8,1.4,8.3,0.5
2034,"SSP2_4.5","1",89.8,1.4,8.3,0.5
2034,"SSP2_4.5","1.25",89.8,1.4,8.3,0.5
2034,"SSP2_4.5","1.5",89.8,1.4,8.3,0.5
2034,"SSP2_4.5","1.75",89.8,1.4,8.3,0.5
2034,"SSP2_4.5","2",89.8,1.4,8.3,0.5
2034,"SSP5_8.5","0",89.1,1.5,8.9,0.5
2034,"SSP5_8.5","0.25",89.1,1.5,8.9,0.5
2034,"SSP5_8.5","0.5",89.1,1.5,8.9,0.5
2034,"SSP5_8.5","0.75",89.1,1.5,8.9,0.5
2034,"SSP5_8.5","1",89.1,1.5,8.9,0.5
2034,"SSP5_8.5","1.25",89,1.5,9,0.5
2034,"SSP5_8.5","1.5",89.1,1.5,8.9,0.5
2034,"SSP5_8.5","1.75",89.1,1.5,8.9,0.5
2034,"SSP5_8.5","2",89.1,1.5,8.9,0.5
2035,"SSP2_4.5","0",89.5,1.4,8.6,0.5
2035,"SSP2_4.5","0.25",89.5,1.4,8.6,0.5
2035,"SSP2_4.5","0.5",89.5,1.4,8.6,0.5
2035,"SSP2_4.5","0.75",89.5,1.4,8.6,0.5
2035,"SSP2_4.5","1",89.5,1.4,8.6,0.5
2035,"SSP2_4.5","1.25",89.5,1.4,8.6,0.5
2035,"SSP2_4.5","1.5",89.5,1.4,8.6,0.5
2035,"SSP2_4.5","1.75",89.5,1.4,8.6,0.5
2035,"SSP2_4.5","2",89.5,1.4,8.6,0.5
2035,"SSP5_8.5","0",89,1.5,9,0.5
2035,"SSP5_8.5","0.25",89,1.5,9,0.5
2035,"SSP5_8.5","0.5",89,1.5,9,0.5
2035,"SSP5_8.5","0.75",89,1.5,9,0.5
2035,"SSP5_8.5","1",89,1.5,9,0.5
2035,"SSP5_8.5","1.25",88.9,1.5,9.1,0.5
2035,"SSP5_8.5","1.5",89,1.5,9,0.5
2035,"SSP5_8.5","1.75",89,1.5,9,0.5
2035,"SSP5_8.5","2",89,1.5,9,0.5
2036,"SSP2_4.5","0",89.6,1.4,8.5,0.5
2036,"SSP2_4.5","0.25",89.6,1.4,8.5,0.5
2036,"SSP2_4.5","0.5",89.6,1.4,8.5,0.5
2036,"SSP2_4.5","0.75",89.6,1.4,8.5,0.5
2036,"SSP2_4.5","1",89.6,1.4,8.5,0.5
2036,"SSP2_4.5","1.25",89.6,1.4,8.5,0.5
2036,"SSP2_4.5","1.5",89.6,1.4,8.5,0.5
2036,"SSP2_4.5","1.75",89.6,1.4,8.5,0.5
2036,"SSP2_4.5","2",89.6,1.4,8.5,0.5
2036,"SSP5_8.5","0",88.9,1.5,9.1,0.5
2036,"SSP5_8.5","0.25",88.9,1.5,9.1,0.5
2036,"SSP5_8.5","0.5",88.9,1.5,9.1,0.5
2036,"SSP5_8.5","0.75",88.9,1.5,9.1,0.5
2036,"SSP5_8.5","1",88.9,1.5,9.1,0.5
2036,"SSP5_8.5","1.25",88.7,1.5,9.3,0.5
2036,"SSP5_8.5","1.5",88.9,1.5,9.1,0.5
2036,"SSP5_8.5","1.75",88.9,1.5,9.1,0.5
2036,"SSP5_8.5","2",88.9,1.5,9.1,0.5
2037,"SSP2_4.5","0",89.7,1.4,8.4,0.5
2037,"SSP2_4.5","0.25",89.7,1.4,8.4,0.5
2037,"SSP2_4.5","0.5",89.7,1.4,8.4,0.5
2037,"SSP2_4.5","0.75",89.7,1.4,8.4,0.5
2037,"SSP2_4.5","1",89.7,1.4,8.4,0.5
2037,"SSP2_4.5","1.25",89.7,1.4,8.4,0.5
2037,"SSP2_4.5","1.5",89.7,1.4,8.4,0.5
2037,"SSP2_4.5","1.75",89.7,1.4,8.4,0.5
2037,"SSP2_4.5","2",89.7,1.4,8.4,0.5
2037,"SSP5_8.5","0",88.7,1.5,9.3,0.5
2037,"SSP5_8.5","0.25",88.7,1.5,9.3,0.5
2037,"SSP5_8.5","0.5",88.7,1.5,9.3,0.5
2037,"SSP5_8.5","0.75",88.7,1.5,9.3,0.5
2037,"SSP5_8.5","1",88.7,1.5,9.3,0.5
2037,"SSP5_8.5","1.25",88.6,1.5,9.4,0.5
2037,"SSP5_8.5","1.5",88.7,1.5,9.3,0.5
2037,"SSP5_8.5","1.75",88.7,1.5,9.3,0.5
2037,"SSP5_8.5","2",88.7,1.5,9.3,0.5
2038,"SSP2_4.5","0",89.5,1.4,8.6,0.5
2038,"SSP2_4.5","0.25",89.5,1.4,8.6,0.5
2038,"SSP2_4.5","0.5",89.5,1.4,8.6,0.5
2038,"SSP2_4.5","0.75",89.5,1.4,8.6,0.5
2038,"SSP2_4.5","1",89.5,1.4,8.6,0.5
2038,"SSP2_4.5","1.25",89.5,1.4,8.6,0.5
2038,"SSP2_4.5","1.5",89.5,1.4,8.6,0.5
2038,"SSP2_4.5","1.75",89.5,1.4,8.6,0.5
2038,"SSP2_4.5","2",89.5,1.4,8.6,0.5
2038,"SSP5_8.5","0",88.8,1.5,9.2,0.5
2038,"SSP5_8.5","0.25",88.8,1.5,9.2,0.5
2038,"SSP5_8.5","0.5",88.8,1.5,9.2,0.5
2038,"SSP5_8.5","0.75",88.8,1.5,9.2,0.5
2038,"SSP5_8.5","1",88.8,1.5,9.2,0.5
2038,"SSP5_8.5","1.25",88.6,1.5,9.4,0.5
2038,"SSP5_8.5","1.5",88.8,1.5,9.2,0.5
2038,"SSP5_8.5","1.75",88.8,1.5,9.2,0.5
2038,"SSP5_8.5","2",88.8,1.5,9.2,0.5
2039,"SSP2_4.5","0",89.4,1.4,8.6,0.5
2039,"SSP2_4.5","0.25",89.4,1.4,8.6,0.5
2039,"SSP2_4.5","0.5",89.4,1.4,8.6,0.5
2039,"SSP2_4.5","0.75",89.4,1.4,8.6,0.5
2039,"SSP2_4.5","1",89.4,1.4,8.6,0.5
2039,"SSP2_4.5","1.25",89.4,1.4,8.6,0.5
2039,"SSP2_4.5","1.5",89.4,1.4,8.6,0.5
2039,"SSP2_4.5","1.75",89.4,1.4,8.6,0.5
2039,"SSP2_4.5","2",89.4,1.4,8.6,0.5
2039,"SSP5_8.5","0",88.7,1.5,9.3,0.5
2039,"SSP5_8.5","0.25",88.7,1.5,9.3,0.5
2039,"SSP5_8.5","0.5",88.7,1.5,9.3,0.5
2039,"SSP5_8.5","0.75",88.7,1.5,9.3,0.5
2039,"SSP5_8.5","1",88.7,1.5,9.3,0.5
2039,"SSP5_8.5","1.25",88.5,1.5,9.4,0.5
2039,"SSP5_8.5","1.5",88.7,1.5,9.3,0.5
2039,"SSP5_8.5","1.75",88.7,1.5,9.3,0.5
2039,"SSP5_8.5","2",88.7,1.5,9.3,0.5
2040,"SSP2_4.5","0",89.4,1.5,8.6,0.5
2040,"SSP2_4.5","0.25",89.4,1.5,8.6,0.5
2040,"SSP2_4.5","0.5",89.4,1.5,8.6,0.5
2040,"SSP2_4.5","0.75",89.4,1.5,8.6,0.5
2040,"SSP2_4.5","1",89.4,1.5,8.6,0.5
2040,"SSP2_4.5","1.25",89.4,1.5,8.6,0.5
2040,"SSP2_4.5","1.5",89.4,1.5,8.6,0.5
2040,"SSP2_4.5","1.75",89.4,1.5,8.6,0.5
2040,"SSP2_4.5","2",89.4,1.5,8.6,0.5
2040,"SSP5_8.5","0",88.6,1.5,9.4,0.5
2040,"SSP5_8.5","0.25",88.6,1.5,9.4,0.5
2040,"SSP5_8.5","0.5",88.6,1.5,9.4,0.5
2040,"SSP5_8.5","0.75",88.6,1.5,9.4,0.5
2040,"SSP5_8.5","1",88.6,1.5,9.4,0.5
2040,"SSP5_8.5","1.25",88.4,1.5,9.6,0.5
2040,"SSP5_8.5","1.5",88.6,1.5,9.4,0.5
2040,"SSP5_8.5","1.75",88.6,1.5,9.4,0.5
2040,"SSP5_8.5","2",88.6,1.5,9.4,0.5
2041,"SSP2_4.5","0",89.1,1.5,8.9,0.5
2041,"SSP2_4.5","0.25",89.1,1.5,8.9,0.5
2041,"SSP2_4.5","0.5",89.1,1.5,8.9,0.5
2041,"SSP2_4.5","0.75",89.1,1.5,8.9,0.5
2041,"SSP2_4.5","1",89.1,1.5,8.9,0.5
2041,"SSP2_4.5","1.25",89.1,1.5,8.9,0.5
2041,"SSP2_4.5","1.5",89.1,1.5,8.9,0.5
2041,"SSP2_4.5","1.75",89.1,1.5,8.9,0.5
2041,"SSP2_4.5","2",89.1,1.5,8.9,0.5
2041,"SSP5_8.5","0",88.5,1.5,9.5,0.5
2041,"SSP5_8.5","0.25",88.5,1.5,9.5,0.5
2041,"SSP5_8.5","0.5",88.5,1.5,9.5,0.5
2041,"SSP5_8.5","0.75",88.5,1.5,9.5,0.5
2041,"SSP5_8.5","1",88.5,1.5,9.5,0.5
2041,"SSP5_8.5","1.25",88.3,1.5,9.7,0.5
2041,"SSP5_8.5","1.5",88.5,1.5,9.5,0.5
2041,"SSP5_8.5","1.75",88.5,1.5,9.5,0.5
2041,"SSP5_8.5","2",88.5,1.5,9.5,0.5
2042,"SSP2_4.5","0",89.1,1.5,8.9,0.5
2042,"SSP2_4.5","0.25",89.1,1.5,8.9,0.5
2042,"SSP2_4.5","0.5",89.1,1.5,8.9,0.5
2042,"SSP2_4.5","0.75",89.1,1.5,8.9,0.5
2042,"SSP2_4.5","1",89.1,1.5,8.9,0.5
2042,"SSP2_4.5","1.25",89.1,1.5,8.9,0.5
2042,"SSP2_4.5","1.5",89.1,1.5,8.9,0.5
2042,"SSP2_4.5","1.75",89.1,1.5,8.9,0.5
2042,"SSP2_4.5","2",89.1,1.5,8.9,0.5
2042,"SSP5_8.5","0",88.5,1.5,9.5,0.5
2042,"SSP5_8.5","0.25",88.5,1.5,9.5,0.5
2042,"SSP5_8.5","0.5",88.5,1.5,9.5,0.5
2042,"SSP5_8.5","0.75",88.5,1.5,9.5,0.5
2042,"SSP5_8.5","1",88.5,1.5,9.5,0.5
2042,"SSP5_8.5","1.25",88.3,1.5,9.7,0.5
2042,"SSP5_8.5","1.5",88.5,1.5,9.5,0.5
2042,"SSP5_8.5","1.75",88.5,1.5,9.5,0.5
2042,"SSP5_8.5","2",88.5,1.5,9.5,0.5
2043,"SSP2_4.5","0",89,1.5,9,0.5
2043,"SSP2_4.5","0.25",89,1.5,9,0.5
2043,"SSP2_4.5","0.5",89,1.5,9,0.5
2043,"SSP2_4.5","0.75",89,1.5,9,0.5
2043,"SSP2_4.5","1",89,1.5,9,0.5
2043,"SSP2_4.5","1.25",89,1.5,9,0.5
2043,"SSP2_4.5","1.5",89,1.5,9,0.5
2043,"SSP2_4.5","1.75",89,1.5,9,0.5
2043,"SSP2_4.5","2",89,1.5,9,0.5
2043,"SSP5_8.5","0",88.3,1.5,9.7,0.5
2043,"SSP5_8.5","0.25",88.5,1.5,9.5,0.5
2043,"SSP5_8.5","0.5",88.5,1.5,9.5,0.5
2043,"SSP5_8.5","0.75",88.5,1.5,9.5,0.5
2043,"SSP5_8.5","1",88.5,1.5,9.5,0.5
2043,"SSP5_8.5","1.25",88.2,1.5,9.7,0.5
2043,"SSP5_8.5","1.5",88.5,1.5,9.5,0.5
2043,"SSP5_8.5","1.75",88.5,1.5,9.5,0.5
2043,"SSP5_8.5","2",88.5,1.5,9.5,0.5
2044,"SSP2_4.5","0",89.3,1.5,8.7,0.5
2044,"SSP2_4.5","0.25",89.3,1.5,8.7,0.5
2044,"SSP2_4.5","0.5",89.3,1.5,8.7,0.5
2044,"SSP2_4.5","0.75",89.3,1.5,8.7,0.5
2044,"SSP2_4.5","1",89.3,1.5,8.7,0.5
2044,"SSP2_4.5","1.25",89.3,1.5,8.7,0.5
2044,"SSP2_4.5","1.5",89.3,1.5,8.7,0.5
2044,"SSP2_4.5","1.75",89.3,1.5,8.7,0.5
2044,"SSP2_4.5","2",89.3,1.5,8.7,0.5
2044,"SSP5_8.5","0",88,1.5,9.9,0.5
2044,"SSP5_8.5","0.25",88.3,1.5,9.7,0.5
2044,"SSP5_8.5","0.5",88.3,1.5,9.7,0.5
2044,"SSP5_8.5","0.75",88.3,1.5,9.7,0.5
2044,"SSP5_8.5","1",88.3,1.5,9.7,0.5
2044,"SSP5_8.5","1.25",88,1.5,10,0.5
2044,"SSP5_8.5","1.5",88.3,1.5,9.7,0.5
2044,"SSP5_8.5","1.75",88.3,1.5,9.7,0.5
2044,"SSP5_8.5","2",88.3,1.5,9.7,0.5
2045,"SSP2_4.5","0",89.1,1.5,9,0.5
2045,"SSP2_4.5","0.25",89.1,1.5,9,0.5
2045,"SSP2_4.5","0.5",89.1,1.5,9,0.5
2045,"SSP2_4.5","0.75",89.1,1.5,9,0.5
2045,"SSP2_4.5","1",89.1,1.5,9,0.5
2045,"SSP2_4.5","1.25",89.1,1.5,9,0.5
2045,"SSP2_4.5","1.5",89.1,1.5,9,0.5
2045,"SSP2_4.5","1.75",89.1,1.5,9,0.5
2045,"SSP2_4.5","2",89.1,1.5,9,0.5
2045,"SSP5_8.5","0",87.8,1.6,10.2,0.5
2045,"SSP5_8.5","0.25",88.2,1.5,9.8,0.5
2045,"SSP5_8.5","0.5",88.2,1.5,9.8,0.5
2045,"SSP5_8.5","0.75",88.2,1.5,9.8,0.5
2045,"SSP5_8.5","1",88.2,1.5,9.8,0.5
2045,"SSP5_8.5","1.25",87.9,1.5,10,0.5
2045,"SSP5_8.5","1.5",88.2,1.5,9.8,0.5
2045,"SSP5_8.5","1.75",88.2,1.5,9.8,0.5
2045,"SSP5_8.5","2",88.2,1.5,9.8,0.5
2046,"SSP2_4.5","0",89,1.5,9,0.5
2046,"SSP2_4.5","0.25",89,1.5,9,0.5
2046,"SSP2_4.5","0.5",89,1.5,9,0.5
2046,"SSP2_4.5","0.75",89,1.5,9,0.5
2046,"SSP2_4.5","1",89,1.5,9,0.5
2046,"SSP2_4.5","1.25",89,1.5,9,0.5
2046,"SSP2_4.5","1.5",89,1.5,9,0.5
2046,"SSP2_4.5","1.75",89,1.5,9,0.5
2046,"SSP2_4.5","2",89,1.5,9,0.5
2046,"SSP5_8.5","0",87.5,1.6,10.5,0.5
2046,"SSP5_8.5","0.25",88.2,1.5,9.9,0.4
2046,"SSP5_8.5","0.5",88.2,1.5,9.9,0.4
2046,"SSP5_8.5","0.75",88.2,1.5,9.9,0.4
2046,"SSP5_8.5","1",88.2,1.5,9.9,0.4
2046,"SSP5_8.5","1.25",87.9,1.5,10.1,0.5
2046,"SSP5_8.5","1.5",88.2,1.5,9.9,0.4
2046,"SSP5_8.5","1.75",88.2,1.5,9.9,0.4
2046,"SSP5_8.5","2",88.2,1.5,9.9,0.4
2047,"SSP2_4.5","0",88.9,1.5,9.1,0.5
2047,"SSP2_4.5","0.25",89.1,1.5,8.9,0.5
2047,"SSP2_4.5","0.5",89.1,1.5,8.9,0.5
2047,"SSP2_4.5","0.75",89.1,1.5,8.9,0.5
2047,"SSP2_4.5","1",89.1,1.5,8.9,0.5
2047,"SSP2_4.5","1.25",89.1,1.5,8.9,0.5
2047,"SSP2_4.5","1.5",89.1,1.5,8.9,0.5
2047,"SSP2_4.5","1.75",89.1,1.5,8.9,0.5
2047,"SSP2_4.5","2",89.1,1.5,8.9,0.5
2047,"SSP5_8.5","0",86.9,1.6,11,0.5
2047,"SSP5_8.5","0.25",87.9,1.5,10.2,0.5
2047,"SSP5_8.5","0.5",87.9,1.5,10.2,0.5
2047,"SSP5_8.5","0.75",87.9,1.5,10.2,0.5
2047,"SSP5_8.5","1",87.9,1.5,10.2,0.5
2047,"SSP5_8.5","1.25",87.6,1.6,10.4,0.5
2047,"SSP5_8.5","1.5",87.9,1.5,10.2,0.5
2047,"SSP5_8.5","1.75",87.9,1.5,10.2,0.5
2047,"SSP5_8.5","2",87.9,1.5,10.2,0.5
2048,"SSP2_4.5","0",88.9,1.5,9.1,0.5
2048,"SSP2_4.5","0.25",89.3,1.5,8.7,0.5
2048,"SSP2_4.5","0.5",89.3,1.5,8.7,0.5
2048,"SSP2_4.5","0.75",89.3,1.5,8.7,0.5
2048,"SSP2_4.5","1",89.3,1.5,8.7,0.5
2048,"SSP2_4.5","1.25",89.3,1.5,8.7,0.5
2048,"SSP2_4.5","1.5",89.3,1.5,8.7,0.5
2048,"SSP2_4.5","1.75",89.3,1.5,8.7,0.5
2048,"SSP2_4.5","2",89.3,1.5,8.7,0.5
2048,"SSP5_8.5","0",86.5,1.7,11.4,0.5
2048,"SSP5_8.5","0.25",87.7,1.5,10.3,0.5
2048,"SSP5_8.5","0.5",87.7,1.5,10.3,0.5
2048,"SSP5_8.5","0.75",87.7,1.5,10.3,0.5
2048,"SSP5_8.5","1",87.7,1.5,10.3,0.5
2048,"SSP5_8.5","1.25",87.4,1.6,10.6,0.5
2048,"SSP5_8.5","1.5",87.7,1.5,10.3,0.5
2048,"SSP5_8.5","1.75",87.7,1.5,10.3,0.5
2048,"SSP5_8.5","2",87.7,1.5,10.3,0.5
2049,"SSP2_4.5","0",88.6,1.5,9.3,0.5
2049,"SSP2_4.5","0.25",89.1,1.5,9,0.5
2049,"SSP2_4.5","0.5",89.1,1.5,9,0.5
2049,"SSP2_4.5","0.75",89.1,1.5,9,0.5
2049,"SSP2_4.5","1",89.1,1.5,9,0.5
2049,"SSP2_4.5","1.25",89.1,1.5,9,0.5
2049,"SSP2_4.5","1.5",89.1,1.5,9,0.5
2049,"SSP2_4.5","1.75",89.1,1.5,9,0.5
2049,"SSP2_4.5","2",89.1,1.5,9,0.5
2049,"SSP5_8.5","0",86.3,1.7,11.5,0.5
2049,"SSP5_8.5","0.25",87.5,1.6,10.5,0.4
2049,"SSP5_8.5","0.5",87.8,1.5,10.3,0.4
2049,"SSP5_8.5","0.75",87.8,1.5,10.3,0.4
2049,"SSP5_8.5","1",87.8,1.5,10.3,0.4
2049,"SSP5_8.5","1.25",87.5,1.6,10.5,0.4
2049,"SSP5_8.5","1.5",87.8,1.5,10.3,0.4
2049,"SSP5_8.5","1.75",87.8,1.5,10.3,0.4
2049,"SSP5_8.5","2",87.8,1.5,10.3,0.4
2050,"SSP2_4.5","0",88.5,1.6,9.5,0.5
2050,"SSP2_4.5","0.25",89.1,1.5,8.9,0.4
2050,"SSP2_4.5","0.5",89.1,1.5,8.9,0.4
2050,"SSP2_4.5","0.75",89.1,1.5,8.9,0.4
2050,"SSP2_4.5","1",89.1,1.5,8.9,0.4
2050,"SSP2_4.5","1.25",89.1,1.5,8.9,0.4
2050,"SSP2_4.5","1.5",89.1,1.5,8.9,0.4
2050,"SSP2_4.5","1.75",89.1,1.5,8.9,0.4
2050,"SSP2_4.5","2",89.1,1.5,8.9,0.4
2050,"SSP5_8.5","0",85.8,1.7,12,0.5
2050,"SSP5_8.5","0.25",87.3,1.6,10.7,0.4
2050,"SSP5_8.5","0.5",87.6,1.5,10.5,0.4
2050,"SSP5_8.5","0.75",87.6,1.5,10.5,0.4
2050,"SSP5_8.5","1",87.6,1.5,10.5,0.4
2050,"SSP5_8.5","1.25",87.2,1.6,10.8,0.4
2050,"SSP5_8.5","1.5",87.6,1.5,10.5,0.4
2050,"SSP5_8.5","1.75",87.6,1.5,10.5,0.4
2050,"SSP5_8.5","2",87.6,1.5,10.5,0.4
2051,"SSP2_4.5","0",88.2,1.6,9.8,0.5
2051,"SSP2_4.5","0.25",89,1.5,9,0.4
2051,"SSP2_4.5","0.5",89,1.5,9,0.4
2051,"SSP2_4.5","0.75",89,1.5,9,0.4
2051,"SSP2_4.5","1",89,1.5,9,0.4
2051,"SSP2_4.5","1.25",89,1.5,9,0.4
2051,"SSP2_4.5","1.5",89,1.5,9,0.4
2051,"SSP2_4.5","1.75",89,1.5,9,0.4
2051,"SSP2_4.5","2",89,1.5,9,0.4
2051,"SSP5_8.5","0",85.3,1.8,12.4,0.5
2051,"SSP5_8.5","0.25",87.1,1.6,10.9,0.4
2051,"SSP5_8.5","0.5",87.3,1.5,10.7,0.4
2051,"SSP5_8.5","0.75",87.3,1.5,10.7,0.4
2051,"SSP5_8.5","1",87.3,1.5,10.7,0.4
2051,"SSP5_8.5","1.25",87,1.6,11,0.4
2051,"SSP5_8.5","1.5",87.3,1.5,10.7,0.4
2051,"SSP5_8.5","1.75",87.3,1.5,10.7,0.4
2051,"SSP5_8.5","2",87.3,1.5,10.7,0.4
2052,"SSP2_4.5","0",87.8,1.6,10.1,0.5
2052,"SSP2_4.5","0.25",88.9,1.5,9.1,0.4
2052,"SSP2_4.5","0.5",88.9,1.5,9.1,0.4
2052,"SSP2_4.5","0.75",88.9,1.5,9.1,0.4
2052,"SSP2_4.5","1",88.9,1.5,9.1,0.4
2052,"SSP2_4.5","1.25",88.9,1.5,9.1,0.4
2052,"SSP2_4.5","1.5",88.9,1.5,9.1,0.4
2052,"SSP2_4.5","1.75",88.9,1.5,9.1,0.4
2052,"SSP2_4.5","2",88.9,1.5,9.1,0.4
2052,"SSP5_8.5","0",84.9,1.8,12.7,0.5
2052,"SSP5_8.5","0.25",86.8,1.6,11.2,0.5
2052,"SSP5_8.5","0.5",87.2,1.5,10.8,0.4
2052,"SSP5_8.5","0.75",87.2,1.5,10.8,0.4
2052,"SSP5_8.5","1",87.2,1.5,10.8,0.4
2052,"SSP5_8.5","1.25",86.9,1.6,11.1,0.5
2052,"SSP5_8.5","1.5",87.2,1.5,10.8,0.4
2052,"SSP5_8.5","1.75",87.2,1.5,10.8,0.4
2052,"SSP5_8.5","2",87.2,1.5,10.8,0.4
2053,"SSP2_4.5","0",87.6,1.7,10.3,0.5
2053,"SSP2_4.5","0.25",88.9,1.5,9.2,0.5
2053,"SSP2_4.5","0.5",88.9,1.5,9.2,0.5
2053,"SSP2_4.5","0.75",88.9,1.5,9.2,0.5
2053,"SSP2_4.5","1",88.9,1.5,9.2,0.5
2053,"SSP2_4.5","1.25",88.9,1.5,9.2,0.5
2053,"SSP2_4.5","1.5",88.9,1.5,9.2,0.5
2053,"SSP2_4.5","1.75",88.9,1.5,9.2,0.5
2053,"SSP2_4.5","2",88.9,1.5,9.2,0.5
2053,"SSP5_8.5","0",84.1,1.9,13.5,0.5
2053,"SSP5_8.5","0.25",86.5,1.6,11.4,0.4
2053,"SSP5_8.5","0.5",87.3,1.6,10.8,0.4
2053,"SSP5_8.5","0.75",87.3,1.6,10.8,0.4
2053,"SSP5_8.5","1",87.3,1.6,10.8,0.4
2053,"SSP5_8.5","1.25",86.9,1.6,11.1,0.4
2053,"SSP5_8.5","1.5",87.3,1.6,10.8,0.4
2053,"SSP5_8.5","1.75",87.3,1.6,10.8,0.4
2053,"SSP5_8.5","2",87.3,1.6,10.8,0.4
2054,"SSP2_4.5","0",87.4,1.7,10.4,0.5
2054,"SSP2_4.5","0.25",88.9,1.5,9.1,0.5
2054,"SSP2_4.5","0.5",88.9,1.5,9.1,0.5
2054,"SSP2_4.5","0.75",88.9,1.5,9.1,0.5
2054,"SSP2_4.5","1",88.9,1.5,9.1,0.5
2054,"SSP2_4.5","1.25",88.9,1.5,9.1,0.5
2054,"SSP2_4.5","1.5",88.9,1.5,9.1,0.5
2054,"SSP2_4.5","1.75",88.9,1.5,9.1,0.5
2054,"SSP2_4.5","2",88.9,1.5,9.1,0.5
2054,"SSP5_8.5","0",83.1,2.1,14.3,0.5
2054,"SSP5_8.5","0.25",86.2,1.7,11.7,0.4
2054,"SSP5_8.5","0.5",87.2,1.6,10.8,0.4
2054,"SSP5_8.5","0.75",87.2,1.6,10.8,0.4
2054,"SSP5_8.5","1",87.2,1.6,10.8,0.4
2054,"SSP5_8.5","1.25",86.8,1.6,11.2,0.4
2054,"SSP5_8.5","1.5",87.2,1.6,10.8,0.4
2054,"SSP5_8.5","1.75",87.2,1.6,10.8,0.4
2054,"SSP5_8.5","2",87.2,1.6,10.8,0.4
2055,"SSP2_4.5","0",87.1,1.7,10.6,0.5
2055,"SSP2_4.5","0.25",88.9,1.5,9.1,0.5
2055,"SSP2_4.5","0.5",88.9,1.5,9.1,0.5
2055,"SSP2_4.5","0.75",88.9,1.5,9.1,0.5
2055,"SSP2_4.5","1",88.9,1.5,9.1,0.5
2055,"SSP2_4.5","1.25",88.9,1.5,9.1,0.5
2055,"SSP2_4.5","1.5",88.9,1.5,9.1,0.5
2055,"SSP2_4.5","1.75",88.9,1.5,9.1,0.5
2055,"SSP2_4.5","2",88.9,1.5,9.1,0.5
2055,"SSP5_8.5","0",82,2.2,15.4,0.5
2055,"SSP5_8.5","0.25",85.8,1.7,12.1,0.4
2055,"SSP5_8.5","0.5",86.8,1.6,11.2,0.4
2055,"SSP5_8.5","0.75",87.1,1.6,11,0.3
2055,"SSP5_8.5","1",87.1,1.6,11,0.3
2055,"SSP5_8.5","1.25",86.7,1.6,11.3,0.4
2055,"SSP5_8.5","1.5",87.1,1.6,11,0.3
2055,"SSP5_8.5","1.75",87.1,1.6,11,0.3
2055,"SSP5_8.5","2",87.1,1.6,11,0.3
2056,"SSP2_4.5","0",86.8,1.8,10.9,0.5
2056,"SSP2_4.5","0.25",88.9,1.5,9.2,0.4
2056,"SSP2_4.5","0.5",88.9,1.5,9.2,0.4
2056,"SSP2_4.5","0.75",88.9,1.5,9.2,0.4
2056,"SSP2_4.5","1",88.9,1.5,9.2,0.4
2056,"SSP2_4.5","1.25",88.9,1.5,9.2,0.4
2056,"SSP2_4.5","1.5",88.9,1.5,9.2,0.4
2056,"SSP2_4.5","1.75",88.9,1.5,9.2,0.4
2056,"SSP2_4.5","2",88.9,1.5,9.2,0.4
2056,"SSP5_8.5","0",80.7,2.3,16.5,0.5
2056,"SSP5_8.5","0.25",85.3,1.8,12.6,0.3
2056,"SSP5_8.5","0.5",86.4,1.6,11.7,0.3
2056,"SSP5_8.5","0.75",86.9,1.6,11.2,0.3
2056,"SSP5_8.5","1",86.9,1.6,11.2,0.3
2056,"SSP5_8.5","1.25",86.5,1.6,11.6,0.3
2056,"SSP5_8.5","1.5",86.9,1.6,11.2,0.3
2056,"SSP5_8.5","1.75",86.9,1.6,11.2,0.3
2056,"SSP5_8.5","2",86.9,1.6,11.2,0.3
2057,"SSP2_4.5","0",86.7,1.8,11,0.5
2057,"SSP2_4.5","0.25",89,1.5,9.1,0.4
2057,"SSP2_4.5","0.5",89,1.5,9.1,0.4
2057,"SSP2_4.5","0.75",89,1.5,9.1,0.4
2057,"SSP2_4.5","1",89,1.5,9.1,0.4
2057,"SSP2_4.5","1.25",89,1.5,9.1,0.4
2057,"SSP2_4.5","1.5",89,1.5,9.1,0.4
2057,"SSP2_4.5","1.75",89,1.5,9.1,0.4
2057,"SSP2_4.5","2",89,1.5,9.1,0.4
2057,"SSP5_8.5","0",79.7,2.4,17.4,0.5
2057,"SSP5_8.5","0.25",84.5,1.9,13.3,0.4
2057,"SSP5_8.5","0.5",86.1,1.7,11.8,0.3
2057,"SSP5_8.5","0.75",86.9,1.6,11.2,0.3
2057,"SSP5_8.5","1",86.9,1.6,11.2,0.3
2057,"SSP5_8.5","1.25",86.5,1.6,11.6,0.3
2057,"SSP5_8.5","1.5",86.9,1.6,11.2,0.3
2057,"SSP5_8.5","1.75",86.9,1.6,11.2,0.3
2057,"SSP5_8.5","2",86.9,1.6,11.2,0.3
2058,"SSP2_4.5","0",86.5,1.8,11.1,0.6
2058,"SSP2_4.5","0.25",89,1.5,9,0.5
2058,"SSP2_4.5","0.5",89,1.5,9,0.5
2058,"SSP2_4.5","0.75",89,1.5,9,0.5
2058,"SSP2_4.5","1",89,1.5,9,0.5
2058,"SSP2_4.5","1.25",89,1.5,9,0.5
2058,"SSP2_4.5","1.5",89,1.5,9,0.5
2058,"SSP2_4.5","1.75",89,1.5,9,0.5
2058,"SSP2_4.5","2",89,1.5,9,0.5
2058,"SSP5_8.5","0",78.6,2.6,18.4,0.5
2058,"SSP5_8.5","0.25",84.1,1.9,13.6,0.4
2058,"SSP5_8.5","0.5",85.8,1.7,12.1,0.3
2058,"SSP5_8.5","0.75",86.9,1.6,11.3,0.3
2058,"SSP5_8.5","1",86.9,1.6,11.3,0.3
2058,"SSP5_8.5","1.25",86.4,1.6,11.6,0.3
2058,"SSP5_8.5","1.5",86.9,1.6,11.3,0.3
2058,"SSP5_8.5","1.75",86.9,1.6,11.3,0.3
2058,"SSP5_8.5","2",86.9,1.6,11.3,0.3
2059,"SSP2_4.5","0",86,1.9,11.6,0.6
2059,"SSP2_4.5","0.25",88.8,1.5,9.2,0.4
2059,"SSP2_4.5","0.5",88.8,1.5,9.2,0.4
2059,"SSP2_4.5","0.75",88.8,1.5,9.2,0.4
2059,"SSP2_4.5","1",88.8,1.5,9.2,0.4
2059,"SSP2_4.5","1.25",88.8,1.5,9.2,0.4
2059,"SSP2_4.5","1.5",88.8,1.5,9.2,0.4
2059,"SSP2_4.5","1.75",88.8,1.5,9.2,0.4
2059,"SSP2_4.5","2",88.8,1.5,9.2,0.4
2059,"SSP5_8.5","0",76.9,2.7,19.9,0.5
2059,"SSP5_8.5","0.25",82.7,2,14.9,0.4
2059,"SSP5_8.5","0.5",85.1,1.8,12.8,0.3
2059,"SSP5_8.5","0.75",86.4,1.6,11.6,0.3
2059,"SSP5_8.5","1",86.4,1.6,11.6,0.3
2059,"SSP5_8.5","1.25",86,1.7,12,0.3
2059,"SSP5_8.5","1.5",86.4,1.6,11.6,0.3
2059,"SSP5_8.5","1.75",86.4,1.6,11.6,0.3
2059,"SSP5_8.5","2",86.4,1.6,11.6,0.3
2060,"SSP2_4.5","0",85.9,1.9,11.6,0.5
2060,"SSP2_4.5","0.25",89,1.5,9.1,0.4
2060,"SSP2_4.5","0.5",89,1.5,9.1,0.4
2060,"SSP2_4.5","0.75",89,1.5,9.1,0.4
2060,"SSP2_4.5","1",89,1.5,9.1,0.4
2060,"SSP2_4.5","1.25",89,1.5,9.1,0.4
2060,"SSP2_4.5","1.5",89,1.5,9.1,0.4
2060,"SSP2_4.5","1.75",89,1.5,9.1,0.4
2060,"SSP2_4.5","2",89,1.5,9.1,0.4
2060,"SSP5_8.5","0",76,2.9,20.6,0.5
2060,"SSP5_8.5","0.25",81.9,2.2,15.6,0.4
2060,"SSP5_8.5","0.5",85,1.8,12.9,0.3
2060,"SSP5_8.5","0.75",86.6,1.6,11.5,0.3
2060,"SSP5_8.5","1",86.6,1.6,11.5,0.3
2060,"SSP5_8.5","1.25",86.1,1.7,11.9,0.3
2060,"SSP5_8.5","1.5",86.6,1.6,11.5,0.3
2060,"SSP5_8.5","1.75",86.6,1.6,11.5,0.3
2060,"SSP5_8.5","2",86.6,1.6,11.5,0.3
2061,"SSP2_4.5","0",85.3,2,12.1,0.5
2061,"SSP2_4.5","0.25",89.1,1.5,9,0.4
2061,"SSP2_4.5","0.5",89.1,1.5,9,0.4
2061,"SSP2_4.5","0.75",89.1,1.5,9,0.4
2061,"SSP2_4.5","1",89.1,1.5,9,0.4
2061,"SSP2_4.5","1.25",89.1,1.5,9,0.4
2061,"SSP2_4.5","1.5",89.1,1.5,9,0.4
2061,"SSP2_4.5","1.75",89.1,1.5,9,0.4
2061,"SSP2_4.5","2",89.1,1.5,9,0.4
2061,"SSP5_8.5","0",74.4,3,22.1,0.4
2061,"SSP5_8.5","0.25",80.5,2.3,16.9,0.3
2061,"SSP5_8.5","0.5",84.5,1.8,13.4,0.3
2061,"SSP5_8.5","0.75",86.3,1.6,11.8,0.2
2061,"SSP5_8.5","1",86.3,1.6,11.8,0.2
2061,"SSP5_8.5","1.25",85.8,1.7,12.2,0.2
2061,"SSP5_8.5","1.5",86.3,1.6,11.8,0.2
2061,"SSP5_8.5","1.75",86.3,1.6,11.8,0.2
2061,"SSP5_8.5","2",86.3,1.6,11.8,0.2
2062,"SSP2_4.5","0",84.9,2.1,12.5,0.6
2062,"SSP2_4.5","0.25",89,1.5,9.1,0.4
2062,"SSP2_4.5","0.5",89,1.5,9.1,0.4
2062,"SSP2_4.5","0.75",89,1.5,9.1,0.4
2062,"SSP2_4.5","1",89,1.5,9.1,0.4
2062,"SSP2_4.5","1.25",89,1.5,9.1,0.4
2062,"SSP2_4.5","1.5",89,1.5,9.1,0.4
2062,"SSP2_4.5","1.75",89,1.5,9.1,0.4
2062,"SSP2_4.5","2",89,1.5,9.1,0.4
2062,"SSP5_8.5","0",72.7,3.2,23.6,0.5
2062,"SSP5_8.5","0.25",79,2.4,18.2,0.4
2062,"SSP5_8.5","0.5",83.8,1.9,14,0.3
2062,"SSP5_8.5","0.75",85.7,1.7,12.4,0.2
2062,"SSP5_8.5","1",86,1.6,12.1,0.2
2062,"SSP5_8.5","1.25",85.5,1.7,12.6,0.2
2062,"SSP5_8.5","1.5",86,1.6,12.1,0.2
2062,"SSP5_8.5","1.75",86,1.6,12.1,0.2
2062,"SSP5_8.5","2",86,1.6,12.1,0.2
2063,"SSP2_4.5","0",84.6,2.1,12.8,0.5
2063,"SSP2_4.5","0.25",89,1.5,9.1,0.4
2063,"SSP2_4.5","0.5",89,1.5,9.1,0.4
2063,"SSP2_4.5","0.75",89,1.5,9.1,0.4
2063,"SSP2_4.5","1",89,1.5,9.1,0.4
2063,"SSP2_4.5","1.25",89,1.5,9.1,0.4
2063,"SSP2_4.5","1.5",89,1.5,9.1,0.4
2063,"SSP2_4.5","1.75",89,1.5,9.1,0.4
2063,"SSP2_4.5","2",89,1.5,9.1,0.4
2063,"SSP5_8.5","0",71.7,3.3,24.5,0.4
2063,"SSP5_8.5","0.25",78.1,2.6,19,0.3
2063,"SSP5_8.5","0.5",83,2,14.8,0.2
2063,"SSP5_8.5","0.75",85.6,1.7,12.5,0.2
2063,"SSP5_8.5","1",86.1,1.6,12,0.2
2063,"SSP5_8.5","1.25",85.6,1.7,12.5,0.2
2063,"SSP5_8.5","1.5",86.1,1.6,12,0.2
2063,"SSP5_8.5","1.75",86.1,1.6,12,0.2
2063,"SSP5_8.5","2",86.1,1.6,12,0.2
2064,"SSP2_4.5","0",83.4,2.3,13.8,0.6
2064,"SSP2_4.5","0.25",88.6,1.6,9.5,0.4
2064,"SSP2_4.5","0.5",88.8,1.5,9.3,0.4
2064,"SSP2_4.5","0.75",88.8,1.5,9.3,0.4
2064,"SSP2_4.5","1",88.8,1.5,9.3,0.4
2064,"SSP2_4.5","1.25",88.8,1.5,9.3,0.4
2064,"SSP2_4.5","1.5",88.8,1.5,9.3,0.4
2064,"SSP2_4.5","1.75",88.8,1.5,9.3,0.4
2064,"SSP2_4.5","2",88.8,1.5,9.3,0.4
2064,"SSP5_8.5","0",70,3.5,26.1,0.4
2064,"SSP5_8.5","0.25",76.5,2.7,20.5,0.3
2064,"SSP5_8.5","0.5",81.6,2.1,16,0.2
2064,"SSP5_8.5","0.75",85,1.7,13,0.2
2064,"SSP5_8.5","1",85.8,1.6,12.3,0.2
2064,"SSP5_8.5","1.25",85.3,1.7,12.8,0.2
2064,"SSP5_8.5","1.5",85.8,1.6,12.3,0.2
2064,"SSP5_8.5","1.75",85.8,1.6,12.3,0.2
2064,"SSP5_8.5","2",85.8,1.6,12.3,0.2
2065,"SSP2_4.5","0",82.7,2.4,14.3,0.6
2065,"SSP2_4.5","0.25",88.5,1.6,9.5,0.4
2065,"SSP2_4.5","0.5",88.9,1.5,9.1,0.4
2065,"SSP2_4.5","0.75",88.9,1.5,9.1,0.4
2065,"SSP2_4.5","1",88.9,1.5,9.1,0.4
2065,"SSP2_4.5","1.25",88.9,1.5,9.1,0.4
2065,"SSP2_4.5","1.5",88.9,1.5,9.1,0.4
2065,"SSP2_4.5","1.75",88.9,1.5,9.1,0.4
2065,"SSP2_4.5","2",88.9,1.5,9.1,0.4
2065,"SSP5_8.5","0",68.8,3.6,27.2,0.3
2065,"SSP5_8.5","0.25",75.3,2.9,21.5,0.3
2065,"SSP5_8.5","0.5",80.6,2.3,16.9,0.2
2065,"SSP5_8.5","0.75",84.7,1.8,13.3,0.2
2065,"SSP5_8.5","1",85.8,1.6,12.4,0.2
2065,"SSP5_8.5","1.25",85.3,1.7,12.9,0.2
2065,"SSP5_8.5","1.5",85.8,1.6,12.4,0.2
2065,"SSP5_8.5","1.75",85.8,1.6,12.4,0.2
2065,"SSP5_8.5","2",85.8,1.6,12.4,0.2
2066,"SSP2_4.5","0",81.5,2.5,15.4,0.6
2066,"SSP2_4.5","0.25",88.1,1.6,9.9,0.4
2066,"SSP2_4.5","0.5",88.8,1.5,9.3,0.4
2066,"SSP2_4.5","0.75",88.8,1.5,9.3,0.4
2066,"SSP2_4.5","1",88.8,1.5,9.3,0.4
2066,"SSP2_4.5","1.25",88.8,1.5,9.3,0.4
2066,"SSP2_4.5","1.5",88.8,1.5,9.3,0.4
2066,"SSP2_4.5","1.75",88.8,1.5,9.3,0.4
2066,"SSP2_4.5","2",88.8,1.5,9.3,0.4
2066,"SSP5_8.5","0",67.8,3.8,28,0.3
2066,"SSP5_8.5","0.25",74.4,3,22.3,0.3
2066,"SSP5_8.5","0.5",79.7,2.4,17.7,0.2
2066,"SSP5_8.5","0.75",84.6,1.8,13.4,0.2
2066,"SSP5_8.5","1",86,1.7,12.2,0.2
2066,"SSP5_8.5","1.25",85.4,1.7,12.7,0.2
2066,"SSP5_8.5","1.5",86,1.7,12.2,0.2
2066,"SSP5_8.5","1.75",86,1.7,12.2,0.2
2066,"SSP5_8.5","2",86,1.7,12.2,0.2
2067,"SSP2_4.5","0",80.7,2.7,15.9,0.7
2067,"SSP2_4.5","0.25",88,1.7,9.9,0.4
2067,"SSP2_4.5","0.5",88.9,1.5,9.2,0.4
2067,"SSP2_4.5","0.75",88.9,1.5,9.2,0.4
2067,"SSP2_4.5","1",88.9,1.5,9.2,0.4
2067,"SSP2_4.5","1.25",88.9,1.5,9.2,0.4
2067,"SSP2_4.5","1.5",88.9,1.5,9.2,0.4
2067,"SSP2_4.5","1.75",88.9,1.5,9.2,0.4
2067,"SSP2_4.5","2",88.9,1.5,9.2,0.4
2067,"SSP5_8.5","0",66.2,4,29.7,0.2
2067,"SSP5_8.5","0.25",72.8,3.2,23.8,0.2
2067,"SSP5_8.5","0.5",78.3,2.5,19,0.1
2067,"SSP5_8.5","0.75",84.1,1.9,14,0.1
2067,"SSP5_8.5","1",85.8,1.7,12.5,0.1
2067,"SSP5_8.5","1.25",85.2,1.7,13,0.1
2067,"SSP5_8.5","1.5",85.8,1.7,12.5,0.1
2067,"SSP5_8.5","1.75",85.8,1.7,12.5,0.1
2067,"SSP5_8.5","2",85.8,1.7,12.5,0.1
2068,"SSP2_4.5","0",79.8,2.8,16.8,0.7
2068,"SSP2_4.5","0.25",87.8,1.7,10.1,0.4
2068,"SSP2_4.5","0.5",88.9,1.5,9.2,0.4
2068,"SSP2_4.5","0.75",88.9,1.5,9.2,0.4
2068,"SSP2_4.5","1",88.9,1.5,9.2,0.4
2068,"SSP2_4.5","1.25",88.9,1.5,9.2,0.4
2068,"SSP2_4.5","1.5",88.9,1.5,9.2,0.4
2068,"SSP2_4.5","1.75",88.9,1.5,9.2,0.4
2068,"SSP2_4.5","2",88.9,1.5,9.2,0.4
2068,"SSP5_8.5","0",65,4.1,30.7,0.2
2068,"SSP5_8.5","0.25",71.6,3.3,24.9,0.1
2068,"SSP5_8.5","0.5",77.2,2.7,20,0.1
2068,"SSP5_8.5","0.75",83.8,1.9,14.2,0.1
2068,"SSP5_8.5","1",85.8,1.7,12.5,0.1
2068,"SSP5_8.5","1.25",85.2,1.7,13,0.1
2068,"SSP5_8.5","1.5",85.8,1.7,12.5,0.1
2068,"SSP5_8.5","1.75",85.8,1.7,12.5,0.1
2068,"SSP5_8.5","2",85.8,1.7,12.5,0.1
2069,"SSP2_4.5","0",78.6,3,17.7,0.7
2069,"SSP2_4.5","0.25",87.5,1.7,10.4,0.4
2069,"SSP2_4.5","0.5",88.9,1.5,9.2,0.4
2069,"SSP2_4.5","0.75",88.9,1.5,9.2,0.4
2069,"SSP2_4.5","1",88.9,1.5,9.2,0.4
2069,"SSP2_4.5","1.25",88.9,1.5,9.2,0.4
2069,"SSP2_4.5","1.5",88.9,1.5,9.2,0.4
2069,"SSP2_4.5","1.75",88.9,1.5,9.2,0.4
2069,"SSP2_4.5","2",88.9,1.5,9.2,0.4
2069,"SSP5_8.5","0",63,4.3,32.7,0.1
2069,"SSP5_8.5","0.25",69.7,3.5,26.7,0.1
2069,"SSP5_8.5","0.5",75.5,2.8,21.6,0
2069,"SSP5_8.5","0.75",83.1,2,14.9,0
2069,"SSP5_8.5","1",85.4,1.7,12.9,0
2069,"SSP5_8.5","1.25",84.8,1.8,13.4,0
2069,"SSP5_8.5","1.5",85.4,1.7,12.9,0
2069,"SSP5_8.5","1.75",85.4,1.7,12.9,0
2069,"SSP5_8.5","2",85.4,1.7,12.9,0
2070,"SSP2_4.5","0",77.8,3.1,18.4,0.7
2070,"SSP2_4.5","0.25",87.4,1.8,10.4,0.4
2070,"SSP2_4.5","0.5",89,1.5,9.1,0.3
2070,"SSP2_4.5","0.75",89,1.5,9.1,0.3
2070,"SSP2_4.5","1",89,1.5,9.1,0.3
2070,"SSP2_4.5","1.25",89,1.5,9.1,0.3
2070,"SSP2_4.5","1.5",89,1.5,9.1,0.3
2070,"SSP2_4.5","1.75",89,1.5,9.1,0.3
2070,"SSP2_4.5","2",89,1.5,9.1,0.3
2070,"SSP5_8.5","0",61.3,4.5,34.2,0
2070,"SSP5_8.5","0.25",68.1,3.7,28.2,0
2070,"SSP5_8.5","0.5",74,3,23,0
2070,"SSP5_8.5","0.75",81.9,2.1,16,0
2070,"SSP5_8.5","1",84.9,1.7,13.4,0
2070,"SSP5_8.5","1.25",84.5,1.8,13.7,0
2070,"SSP5_8.5","1.5",85.2,1.7,13.1,0
2070,"SSP5_8.5","1.75",85.2,1.7,13.1,0
2070,"SSP5_8.5","2",85.2,1.7,13.1,0
2071,"SSP2_4.5","0",76.8,3.3,19.1,0.8
2071,"SSP2_4.5","0.25",87.2,1.8,10.5,0.4
2071,"SSP2_4.5","0.5",89.1,1.5,9,0.4
2071,"SSP2_4.5","0.75",89.1,1.5,9,0.4
2071,"SSP2_4.5","1",89.1,1.5,9,0.4
2071,"SSP2_4.5","1.25",89.1,1.5,9,0.4
2071,"SSP2_4.5","1.5",89.1,1.5,9,0.4
2071,"SSP2_4.5","1.75",89.1,1.5,9,0.4
2071,"SSP2_4.5","2",89.1,1.5,9,0.4
2071,"SSP5_8.5","0",59.6,4.7,35.7,0
2071,"SSP5_8.5","0.25",66.4,3.9,29.7,0
2071,"SSP5_8.5","0.5",72.4,3.2,24.4,0
2071,"SSP5_8.5","0.75",80.5,2.2,17.2,0
2071,"SSP5_8.5","1",84.4,1.8,13.8,0
2071,"SSP5_8.5","1.25",84,1.8,14.1,0
2071,"SSP5_8.5","1.5",85,1.7,13.3,0
2071,"SSP5_8.5","1.75",85,1.7,13.3,0
2071,"SSP5_8.5","2",85,1.7,13.3,0
2072,"SSP2_4.5","0",75.5,3.4,20.3,0.9
2072,"SSP2_4.5","0.25",86.8,1.8,10.9,0.5
2072,"SSP2_4.5","0.5",88.7,1.6,9.4,0.4
2072,"SSP2_4.5","0.75",88.9,1.5,9.2,0.4
2072,"SSP2_4.5","1",88.9,1.5,9.2,0.4
2072,"SSP2_4.5","1.25",88.9,1.5,9.2,0.4
2072,"SSP2_4.5","1.5",88.9,1.5,9.2,0.4
2072,"SSP2_4.5","1.75",88.9,1.5,9.2,0.4
2072,"SSP2_4.5","2",88.9,1.5,9.2,0.4
2072,"SSP5_8.5","0",57.9,4.8,37.3,0
2072,"SSP5_8.5","0.25",64.6,4,31.3,0
2072,"SSP5_8.5","0.5",70.7,3.4,25.9,0
2072,"SSP5_8.5","0.75",79.1,2.4,18.5,0
2072,"SSP5_8.5","1",83.1,1.9,14.9,0
2072,"SSP5_8.5","1.25",83.5,1.9,14.6,0
2072,"SSP5_8.5","1.5",84.7,1.7,13.5,0
2072,"SSP5_8.5","1.75",84.7,1.7,13.5,0
2072,"SSP5_8.5","2",84.7,1.7,13.5,0
2073,"SSP2_4.5","0",74.3,3.6,21.3,0.8
2073,"SSP2_4.5","0.25",86.5,1.9,11.2,0.4
2073,"SSP2_4.5","0.5",88.6,1.6,9.4,0.4
2073,"SSP2_4.5","0.75",88.8,1.6,9.3,0.4
2073,"SSP2_4.5","1",88.8,1.6,9.3,0.4
2073,"SSP2_4.5","1.25",88.8,1.6,9.3,0.4
2073,"SSP2_4.5","1.5",88.8,1.6,9.3,0.4
2073,"SSP2_4.5","1.75",88.8,1.6,9.3,0.4
2073,"SSP2_4.5","2",88.8,1.6,9.3,0.4
2073,"SSP5_8.5","0",56.8,5,38.2,0
2073,"SSP5_8.5","0.25",63.5,4.2,32.3,0
2073,"SSP5_8.5","0.5",69.6,3.5,26.9,0
2073,"SSP5_8.5","0.75",78.1,2.5,19.3,0
2073,"SSP5_8.5","1",82.2,2,15.7,0
2073,"SSP5_8.5","1.25",83.3,1.9,14.8,0
2073,"SSP5_8.5","1.5",84.8,1.7,13.4,0
2073,"SSP5_8.5","1.75",84.8,1.7,13.4,0
2073,"SSP5_8.5","2",84.8,1.7,13.4,0
2074,"SSP2_4.5","0",73.1,3.7,22.3,0.9
2074,"SSP2_4.5","0.25",86.2,1.9,11.4,0.5
2074,"SSP2_4.5","0.5",88.6,1.6,9.4,0.4
2074,"SSP2_4.5","0.75",88.8,1.6,9.2,0.4
2074,"SSP2_4.5","1",88.8,1.6,9.2,0.4
2074,"SSP2_4.5","1.25",88.8,1.6,9.2,0.4
2074,"SSP2_4.5","1.5",88.8,1.6,9.2,0.4
2074,"SSP2_4.5","1.75",88.8,1.6,9.2,0.4
2074,"SSP2_4.5","2",88.8,1.6,9.2,0.4
2074,"SSP5_8.5","0",55.3,5.1,39.6,0
2074,"SSP5_8.5","0.25",61.8,4.4,33.8,0
2074,"SSP5_8.5","0.5",68,3.7,28.3,0
2074,"SSP5_8.5","0.75",76.7,2.7,20.6,0
2074,"SSP5_8.5","1",81.8,2.1,16.1,0
2074,"SSP5_8.5","1.25",82.8,2,15.3,0
2074,"SSP5_8.5","1.5",84.7,1.8,13.6,0
2074,"SSP5_8.5","1.75",84.7,1.8,13.6,0
2074,"SSP5_8.5","2",84.7,1.8,13.6,0
2075,"SSP2_4.5","0",71.9,3.9,23.3,0.9
2075,"SSP2_4.5","0.25",85.9,2,11.7,0.4
2075,"SSP2_4.5","0.5",88.3,1.6,9.7,0.4
2075,"SSP2_4.5","0.75",88.8,1.6,9.3,0.3
2075,"SSP2_4.5","1",88.8,1.6,9.3,0.3
2075,"SSP2_4.5","1.25",88.8,1.6,9.3,0.3
2075,"SSP2_4.5","1.5",88.8,1.6,9.3,0.3
2075,"SSP2_4.5","1.75",88.8,1.6,9.3,0.3
2075,"SSP2_4.5","2",88.8,1.6,9.3,0.3
2075,"SSP5_8.5","0",53.5,5.3,41.3,0
2075,"SSP5_8.5","0.25",60,4.5,35.5,0
2075,"SSP5_8.5","0.5",66.2,3.8,30,0
2075,"SSP5_8.5","0.75",75.1,2.8,22.1,0
2075,"SSP5_8.5","1",80.4,2.2,17.4,0
2075,"SSP5_8.5","1.25",82.1,2,15.8,0
2075,"SSP5_8.5","1.5",84.4,1.8,13.9,0
2075,"SSP5_8.5","1.75",84.4,1.8,13.9,0
2075,"SSP5_8.5","2",84.4,1.8,13.9,0
2076,"SSP2_4.5","0",71.1,4.1,23.9,0.9
2076,"SSP2_4.5","0.25",85.9,2,11.6,0.5
2076,"SSP2_4.5","0.5",88.5,1.6,9.5,0.4
2076,"SSP2_4.5","0.75",89,1.6,9.1,0.4
2076,"SSP2_4.5","1",89,1.6,9.1,0.4
2076,"SSP2_4.5","1.25",89,1.6,9.1,0.4
2076,"SSP2_4.5","1.5",89,1.6,9.1,0.4
2076,"SSP2_4.5","1.75",89,1.6,9.1,0.4
2076,"SSP2_4.5","2",89,1.6,9.1,0.4
2076,"SSP5_8.5","0",52,5.4,42.5,0
2076,"SSP5_8.5","0.25",58.5,4.7,36.8,0
2076,"SSP5_8.5","0.5",64.7,4,31.3,0
2076,"SSP5_8.5","0.75",73.7,3,23.3,0
2076,"SSP5_8.5","1",79.1,2.4,18.5,0
2076,"SSP5_8.5","1.25",81.7,2.1,16.2,0
2076,"SSP5_8.5","1.5",84.3,1.8,13.9,0
2076,"SSP5_8.5","1.75",84.3,1.8,13.9,0
2076,"SSP5_8.5","2",84.3,1.8,13.9,0
2077,"SSP2_4.5","0",70.1,4.2,24.7,1
2077,"SSP2_4.5","0.25",85.7,2,11.8,0.5
2077,"SSP2_4.5","0.5",88.3,1.7,9.6,0.4
2077,"SSP2_4.5","0.75",89,1.6,9.1,0.4
2077,"SSP2_4.5","1",89,1.6,9.1,0.4
2077,"SSP2_4.5","1.25",89,1.6,9.1,0.4
2077,"SSP2_4.5","1.5",89,1.6,9.1,0.4
2077,"SSP2_4.5","1.75",89,1.6,9.1,0.4
2077,"SSP2_4.5","2",89,1.6,9.1,0.4
2077,"SSP5_8.5","0",50.4,5.6,43.9,0
2077,"SSP5_8.5","0.25",56.8,4.9,38.3,0
2077,"SSP5_8.5","0.5",63,4.2,32.8,0
2077,"SSP5_8.5","0.75",72.2,3.2,24.7,0
2077,"SSP5_8.5","1",77.7,2.5,19.7,0
2077,"SSP5_8.5","1.25",81.2,2.1,16.7,0
2077,"SSP5_8.5","1.5",83.8,1.8,14.4,0
2077,"SSP5_8.5","1.75",84.1,1.8,14.1,0
2077,"SSP5_8.5","2",84.1,1.8,14.1,0
2078,"SSP2_4.5","0",69,4.4,25.6,0.9
2078,"SSP2_4.5","0.25",85.5,2.1,12,0.4
2078,"SSP2_4.5","0.5",88.2,1.7,9.8,0.3
2078,"SSP2_4.5","0.75",89.1,1.6,9.1,0.3
2078,"SSP2_4.5","1",89.1,1.6,9.1,0.3
2078,"SSP2_4.5","1.25",89.1,1.6,9.1,0.3
2078,"SSP2_4.5","1.5",89.1,1.6,9.1,0.3
2078,"SSP2_4.5","1.75",89.1,1.6,9.1,0.3
2078,"SSP2_4.5","2",89.1,1.6,9.1,0.3
2078,"SSP5_8.5","0",49.3,5.7,45,0
2078,"SSP5_8.5","0.25",55.5,5,39.5,0
2078,"SSP5_8.5","0.5",61.6,4.4,34,0
2078,"SSP5_8.5","0.75",70.9,3.3,25.8,0
2078,"SSP5_8.5","1",76.5,2.7,20.8,0
2078,"SSP5_8.5","1.25",80.8,2.2,17,0
2078,"SSP5_8.5","1.5",83.8,1.8,14.4,0
2078,"SSP5_8.5","1.75",84.1,1.8,14.1,0
2078,"SSP5_8.5","2",84.1,1.8,14.1,0
2079,"SSP2_4.5","0",68,4.6,26.5,0.9
2079,"SSP2_4.5","0.25",84.7,2.2,12.6,0.4
2079,"SSP2_4.5","0.5",88,1.7,9.9,0.3
2079,"SSP2_4.5","0.75",89.1,1.6,9,0.3
2079,"SSP2_4.5","1",89.1,1.6,9,0.3
2079,"SSP2_4.5","1.25",89.1,1.6,9,0.3
2079,"SSP2_4.5","1.5",89.1,1.6,9,0.3
2079,"SSP2_4.5","1.75",89.1,1.6,9,0.3
2079,"SSP2_4.5","2",89.1,1.6,9,0.3
2079,"SSP5_8.5","0",47.6,5.9,46.5,0
2079,"SSP5_8.5","0.25",53.6,5.2,41.1,0
2079,"SSP5_8.5","0.5",59.8,4.5,35.7,0
2079,"SSP5_8.5","0.75",69.1,3.5,27.4,0
2079,"SSP5_8.5","1",74.9,2.8,22.2,0
2079,"SSP5_8.5","1.25",79.4,2.3,18.3,0
2079,"SSP5_8.5","1.5",83.2,1.9,14.9,0
2079,"SSP5_8.5","1.75",83.8,1.8,14.4,0
2079,"SSP5_8.5","2",83.8,1.8,14.4,0
2080,"SSP2_4.5","0",66.9,4.8,27.3,1
2080,"SSP2_4.5","0.25",84.5,2.2,12.8,0.5
2080,"SSP2_4.5","0.5",87.8,1.8,10,0.4
2080,"SSP2_4.5","0.75",89.2,1.6,9,0.3
2080,"SSP2_4.5","1",89.2,1.6,9,0.3
2080,"SSP2_4.5","1.25",89.2,1.6,9,0.3
2080,"SSP2_4.5","1.5",89.2,1.6,9,0.3
2080,"SSP2_4.5","1.75",89.2,1.6,9,0.3
2080,"SSP2_4.5","2",89.2,1.6,9,0.3
2080,"SSP5_8.5","0",46.4,6.1,47.5,0
2080,"SSP5_8.5","0.25",52.3,5.4,42.3,0
2080,"SSP5_8.5","0.5",58.4,4.7,36.9,0
2080,"SSP5_8.5","0.75",67.7,3.7,28.6,0
2080,"SSP5_8.5","1",73.6,3,23.4,0
2080,"SSP5_8.5","1.25",78.2,2.5,19.3,0
2080,"SSP5_8.5","1.5",82.9,1.9,15.2,0
2080,"SSP5_8.5","1.75",83.8,1.8,14.4,0
2080,"SSP5_8.5","2",83.8,1.8,14.4,0
2081,"SSP2_4.5","0",65.6,5,28.4,1
2081,"SSP2_4.5","0.25",83.6,2.4,13.6,0.5
2081,"SSP2_4.5","0.5",87.5,1.8,10.3,0.4
2081,"SSP2_4.5","0.75",89.1,1.6,9,0.3
2081,"SSP2_4.5","1",89.1,1.6,9,0.3
2081,"SSP2_4.5","1.25",89.1,1.6,9,0.3
2081,"SSP2_4.5","1.5",89.1,1.6,9,0.3
2081,"SSP2_4.5","1.75",89.1,1.6,9,0.3
2081,"SSP2_4.5","2",89.1,1.6,9,0.3
2081,"SSP5_8.5","0",44.9,6.2,48.9,0
2081,"SSP5_8.5","0.25",50.6,5.6,43.8,0
2081,"SSP5_8.5","0.5",56.6,4.9,38.5,0
2081,"SSP5_8.5","0.75",66,3.8,30.1,0
2081,"SSP5_8.5","1",72,3.2,24.8,0
2081,"SSP5_8.5","1.25",76.7,2.6,20.7,0
2081,"SSP5_8.5","1.5",82.3,2,15.7,0
2081,"SSP5_8.5","1.75",83.6,1.9,14.6,0
2081,"SSP5_8.5","2",83.6,1.9,14.6,0
2082,"SSP2_4.5","0",64.3,5.1,29.6,1
2082,"SSP2_4.5","0.25",82.5,2.5,14.5,0.5
2082,"SSP2_4.5","0.5",87.2,1.8,10.6,0.3
2082,"SSP2_4.5","0.75",89,1.6,9.1,0.3
2082,"SSP2_4.5","1",89,1.6,9.1,0.3
2082,"SSP2_4.5","1.25",89,1.6,9.1,0.3
2082,"SSP2_4.5","1.5",89,1.6,9.1,0.3
2082,"SSP2_4.5","1.75",89,1.6,9.1,0.3
2082,"SSP2_4.5","2",89,1.6,9.1,0.3
2082,"SSP5_8.5","0",43.3,6.4,50.3,0
2082,"SSP5_8.5","0.25",48.9,5.7,45.4,0
2082,"SSP5_8.5","0.5",54.8,5.1,40.1,0
2082,"SSP5_8.5","0.75",64.2,4,31.8,0
2082,"SSP5_8.5","1",70.3,3.3,26.4,0
2082,"SSP5_8.5","1.25",75.1,2.8,22.1,0
2082,"SSP5_8.5","1.5",81.7,2,16.2,0
2082,"SSP5_8.5","1.75",83.3,1.9,14.8,0
2082,"SSP5_8.5","2",83.3,1.9,14.8,0
2083,"SSP2_4.5","0",63.4,5.3,30.3,1
2083,"SSP2_4.5","0.25",82.4,2.6,14.6,0.5
2083,"SSP2_4.5","0.5",87.1,1.9,10.7,0.3
2083,"SSP2_4.5","0.75",89.1,1.6,9,0.3
2083,"SSP2_4.5","1",89.1,1.6,9,0.3
2083,"SSP2_4.5","1.25",89.1,1.6,9,0.3
2083,"SSP2_4.5","1.5",89.1,1.6,9,0.3
2083,"SSP2_4.5","1.75",89.1,1.6,9,0.3
2083,"SSP2_4.5","2",89.1,1.6,9,0.3
2083,"SSP5_8.5","0",42,6.5,51.5,0
2083,"SSP5_8.5","0.25",47.4,5.9,46.7,0
2083,"SSP5_8.5","0.5",53.3,5.3,41.5,0
2083,"SSP5_8.5","0.75",62.6,4.2,33.2,0
2083,"SSP5_8.5","1",68.8,3.5,27.7,0
2083,"SSP5_8.5","1.25",73.7,3,23.3,0
2083,"SSP5_8.5","1.5",80.5,2.2,17.3,0
2083,"SSP5_8.5","1.75",82.9,1.9,15.2,0
2083,"SSP5_8.5","2",83.2,1.9,14.9,0
2084,"SSP2_4.5","0",62.5,5.5,30.9,1.1
2084,"SSP2_4.5","0.25",81.6,2.7,15.1,0.5
2084,"SSP2_4.5","0.5",87,1.9,10.7,0.4
2084,"SSP2_4.5","0.75",89.3,1.6,8.9,0.3
2084,"SSP2_4.5","1",89.3,1.6,8.9,0.3
2084,"SSP2_4.5","1.25",89.3,1.6,8.9,0.3
2084,"SSP2_4.5","1.5",89.3,1.6,8.9,0.3
2084,"SSP2_4.5","1.75",89.3,1.6,8.9,0.3
2084,"SSP2_4.5","2",89.3,1.6,8.9,0.3
2084,"SSP5_8.5","0",40.6,6.7,52.7,0
2084,"SSP5_8.5","0.25",45.8,6.1,48.1,0
2084,"SSP5_8.5","0.5",51.6,5.4,43,0
2084,"SSP5_8.5","0.75",60.9,4.4,34.7,0
2084,"SSP5_8.5","1",67,3.7,29.2,0
2084,"SSP5_8.5","1.25",72.1,3.1,24.8,0
2084,"SSP5_8.5","1.5",79.1,2.3,18.5,0
2084,"SSP5_8.5","1.75",82.4,2,15.6,0
2084,"SSP5_8.5","2",83,1.9,15.1,0
2085,"SSP2_4.5","0",61.6,5.7,31.7,1
2085,"SSP2_4.5","0.25",80.8,2.9,15.9,0.5
2085,"SSP2_4.5","0.5",86.9,2,10.9,0.3
2085,"SSP2_4.5","0.75",89.3,1.6,8.8,0.3
2085,"SSP2_4.5","1",89.3,1.6,8.8,0.3
2085,"SSP2_4.5","1.25",89.3,1.6,8.8,0.3
2085,"SSP2_4.5","1.5",89.3,1.6,8.8,0.3
2085,"SSP2_4.5","1.75",89.3,1.6,8.8,0.3
2085,"SSP2_4.5","2",89.3,1.6,8.8,0.3
2085,"SSP5_8.5","0",38.9,6.9,54.2,0
2085,"SSP5_8.5","0.25",43.9,6.3,49.8,0
2085,"SSP5_8.5","0.5",49.6,5.7,44.7,0
2085,"SSP5_8.5","0.75",58.9,4.6,36.5,0
2085,"SSP5_8.5","1",65.1,3.9,31,0
2085,"SSP5_8.5","1.25",70.2,3.4,26.4,0
2085,"SSP5_8.5","1.5",77.6,2.5,19.9,0
2085,"SSP5_8.5","1.75",81.7,2.1,16.2,0
2085,"SSP5_8.5","2",82.4,2,15.6,0
2086,"SSP2_4.5","0",60.5,5.9,32.6,1
2086,"SSP2_4.5","0.25",79.8,3,16.7,0.5
2086,"SSP2_4.5","0.5",86.6,2,11,0.4
2086,"SSP2_4.5","0.75",89.3,1.6,8.8,0.3
2086,"SSP2_4.5","1",89.3,1.6,8.8,0.3
2086,"SSP2_4.5","1.25",89.3,1.6,8.8,0.3
2086,"SSP2_4.5","1.5",89.3,1.6,8.8,0.3
2086,"SSP2_4.5","1.75",89.3,1.6,8.8,0.3
2086,"SSP2_4.5","2",89.3,1.6,8.8,0.3
2086,"SSP5_8.5","0",37.6,6.9,55.5,0
2086,"SSP5_8.5","0.25",42.4,6.4,51.2,0
2086,"SSP5_8.5","0.5",47.9,5.8,46.3,0
2086,"SSP5_8.5","0.75",57.1,4.8,38.1,0
2086,"SSP5_8.5","1",63.3,4.1,32.6,0
2086,"SSP5_8.5","1.25",68.5,3.5,28,0
2086,"SSP5_8.5","1.5",76,2.7,21.3,0
2086,"SSP5_8.5","1.75",81.1,2.1,16.8,0
2086,"SSP5_8.5","2",82.1,2,15.9,0
2087,"SSP2_4.5","0",59.4,6.1,33.5,1
2087,"SSP2_4.5","0.25",78.8,3.2,17.5,0.5
2087,"SSP2_4.5","0.5",86.4,2,11.2,0.3
2087,"SSP2_4.5","0.75",89.4,1.6,8.8,0.3
2087,"SSP2_4.5","1",89.4,1.6,8.8,0.3
2087,"SSP2_4.5","1.25",89.4,1.6,8.8,0.3
2087,"SSP2_4.5","1.5",89.4,1.6,8.8,0.3
2087,"SSP2_4.5","1.75",89.4,1.6,8.8,0.3
2087,"SSP2_4.5","2",89.4,1.6,8.8,0.3
2087,"SSP5_8.5","0",36.6,7.1,56.3,0
2087,"SSP5_8.5","0.25",41.3,6.6,52.2,0
2087,"SSP5_8.5","0.5",46.7,6,47.3,0
2087,"SSP5_8.5","0.75",55.7,5,39.3,0
2087,"SSP5_8.5","1",61.9,4.3,33.8,0
2087,"SSP5_8.5","1.25",67.1,3.7,29.2,0
2087,"SSP5_8.5","1.5",74.8,2.8,22.4,0
2087,"SSP5_8.5","1.75",80.8,2.2,17,0
2087,"SSP5_8.5","2",82.1,2,15.9,0
2088,"SSP2_4.5","0",58.4,6.2,34.3,1.1
2088,"SSP2_4.5","0.25",77.9,3.3,18.2,0.6
2088,"SSP2_4.5","0.5",86.2,2.1,11.3,0.4
2088,"SSP2_4.5","0.75",89.4,1.6,8.7,0.3
2088,"SSP2_4.5","1",89.4,1.6,8.7,0.3
2088,"SSP2_4.5","1.25",89.4,1.6,8.7,0.3
2088,"SSP2_4.5","1.5",89.4,1.6,8.7,0.3
2088,"SSP2_4.5","1.75",89.4,1.6,8.7,0.3
2088,"SSP2_4.5","2",89.4,1.6,8.7,0.3
2088,"SSP5_8.5","0",35.9,7.2,56.9,0
2088,"SSP5_8.5","0.25",40.3,6.7,53,0
2088,"SSP5_8.5","0.5",45.6,6.1,48.3,0
2088,"SSP5_8.5","0.75",54.5,5.1,40.4,0
2088,"SSP5_8.5","1",60.6,4.4,35,0
2088,"SSP5_8.5","1.25",65.8,3.8,30.4,0
2088,"SSP5_8.5","1.5",73.6,3,23.5,0
2088,"SSP5_8.5","1.75",80.5,2.2,17.3,0
2088,"SSP5_8.5","2",81.9,2,16.1,0
2089,"SSP2_4.5","0",57.5,6.4,35,1
2089,"SSP2_4.5","0.25",77,3.5,19,0.5
2089,"SSP2_4.5","0.5",86.1,2.1,11.5,0.3
2089,"SSP2_4.5","0.75",89.3,1.6,8.8,0.3
2089,"SSP2_4.5","1",89.5,1.6,8.7,0.2
2089,"SSP2_4.5","1.25",89.5,1.6,8.7,0.2
2089,"SSP2_4.5","1.5",89.5,1.6,8.7,0.2
2089,"SSP2_4.5","1.75",89.5,1.6,8.7,0.2
2089,"SSP2_4.5","2",89.5,1.6,8.7,0.2
2089,"SSP5_8.5","0",34.1,7.4,58.5,0
2089,"SSP5_8.5","0.25",38.3,6.9,54.8,0
2089,"SSP5_8.5","0.5",43.5,6.3,50.2,0
2089,"SSP5_8.5","0.75",52.2,5.3,42.5,0
2089,"SSP5_8.5","1",58.3,4.7,37,0
2089,"SSP5_8.5","1.25",63.6,4.1,32.4,0
2089,"SSP5_8.5","1.5",71.6,3.2,25.3,0
2089,"SSP5_8.5","1.75",78.8,2.4,18.8,0
2089,"SSP5_8.5","2",81.1,2.1,16.8,0
2090,"SSP2_4.5","0",56.7,6.6,35.7,1
2090,"SSP2_4.5","0.25",76.1,3.7,19.7,0.5
2090,"SSP2_4.5","0.5",85.9,2.2,11.6,0.3
2090,"SSP2_4.5","0.75",89.2,1.7,8.9,0.2
2090,"SSP2_4.5","1",89.6,1.6,8.6,0.2
2090,"SSP2_4.5","1.25",89.6,1.6,8.6,0.2
2090,"SSP2_4.5","1.5",89.6,1.6,8.6,0.2
2090,"SSP2_4.5","1.75",89.6,1.6,8.6,0.2
2090,"SSP2_4.5","2",89.6,1.6,8.6,0.2
2090,"SSP5_8.5","0",33.2,7.5,59.4,0
2090,"SSP5_8.5","0.25",37.2,7,55.8,0
2090,"SSP5_8.5","0.5",42.2,6.4,51.3,0
2090,"SSP5_8.5","0.75",50.8,5.5,43.7,0
2090,"SSP5_8.5","1",56.8,4.8,38.4,0
2090,"SSP5_8.5","1.25",62,4.2,33.7,0
2090,"SSP5_8.5","1.5",70.1,3.3,26.6,0
2090,"SSP5_8.5","1.75",78.5,2.4,19.1,0
2090,"SSP5_8.5","2",80.6,2.2,17.2,0
2091,"SSP2_4.5","0",55.9,6.8,36.3,1
2091,"SSP2_4.5","0.25",75.2,3.8,20.4,0.6
2091,"SSP2_4.5","0.5",85.8,2.2,11.7,0.3
2091,"SSP2_4.5","0.75",89.3,1.7,8.8,0.2
2091,"SSP2_4.5","1",89.7,1.6,8.5,0.2
2091,"SSP2_4.5","1.25",89.7,1.6,8.5,0.2
2091,"SSP2_4.5","1.5",89.7,1.6,8.5,0.2
2091,"SSP2_4.5","1.75",89.7,1.6,8.5,0.2
2091,"SSP2_4.5","2",89.7,1.6,8.5,0.2
2091,"SSP5_8.5","0",32.2,7.6,60.2,0
2091,"SSP5_8.5","0.25",36.1,7.2,56.7,0
2091,"SSP5_8.5","0.5",40.9,6.6,52.4,0
2091,"SSP5_8.5","0.75",49.3,5.7,45,0
2091,"SSP5_8.5","1",55.2,5,39.7,0
2091,"SSP5_8.5","1.25",60.5,4.4,35.1,0
2091,"SSP5_8.5","1.5",68.6,3.5,27.9,0
2091,"SSP5_8.5","1.75",77.2,2.6,20.3,0
2091,"SSP5_8.5","2",80.2,2.2,17.5,0
2092,"SSP2_4.5","0",55,7,37,1
2092,"SSP2_4.5","0.25",74.2,4,21.2,0.6
2092,"SSP2_4.5","0.5",85.7,2.2,11.8,0.3
2092,"SSP2_4.5","0.75",89.1,1.7,8.9,0.2
2092,"SSP2_4.5","1",89.7,1.6,8.4,0.2
2092,"SSP2_4.5","1.25",89.7,1.6,8.4,0.2
2092,"SSP2_4.5","1.5",89.7,1.6,8.4,0.2
2092,"SSP2_4.5","1.75",89.7,1.6,8.4,0.2
2092,"SSP2_4.5","2",89.7,1.6,8.4,0.2
2092,"SSP5_8.5","0",30.8,7.9,61.4,0
2092,"SSP5_8.5","0.25",34.5,7.4,58.1,0
2092,"SSP5_8.5","0.5",39.2,6.9,53.9,0
2092,"SSP5_8.5","0.75",47.4,6,46.6,0
2092,"SSP5_8.5","1",53.2,5.3,41.4,0
2092,"SSP5_8.5","1.25",58.5,4.7,36.8,0
2092,"SSP5_8.5","1.5",66.8,3.8,29.5,0
2092,"SSP5_8.5","1.75",75.6,2.8,21.6,0
2092,"SSP5_8.5","2",79.6,2.3,18.1,0
2093,"SSP2_4.5","0",54,7.2,37.8,1
2093,"SSP2_4.5","0.25",73.2,4.2,22,0.6
2093,"SSP2_4.5","0.5",85.4,2.3,12,0.3
2093,"SSP2_4.5","0.75",89.1,1.7,8.9,0.2
2093,"SSP2_4.5","1",89.8,1.6,8.4,0.2
2093,"SSP2_4.5","1.25",89.8,1.6,8.4,0.2
2093,"SSP2_4.5","1.5",89.8,1.6,8.4,0.2
2093,"SSP2_4.5","1.75",89.8,1.6,8.4,0.2
2093,"SSP2_4.5","2",89.8,1.6,8.4,0.2
2093,"SSP5_8.5","0",29.7,7.9,62.4,0
2093,"SSP5_8.5","0.25",33.2,7.5,59.3,0
2093,"SSP5_8.5","0.5",37.7,7,55.3,0
2093,"SSP5_8.5","0.75",45.7,6.1,48.2,0
2093,"SSP5_8.5","1",51.4,5.5,43.1,0
2093,"SSP5_8.5","1.25",56.6,4.9,38.5,0
2093,"SSP5_8.5","1.5",65,4,31.1,0
2093,"SSP5_8.5","1.75",74,2.9,23.1,0
2093,"SSP5_8.5","2",78.2,2.5,19.4,0
2094,"SSP2_4.5","0",52.9,7.3,38.5,1.2
2094,"SSP2_4.5","0.25",72,4.4,22.9,0.7
2094,"SSP2_4.5","0.5",85.1,2.3,12.2,0.4
2094,"SSP2_4.5","0.75",89.1,1.7,8.9,0.3
2094,"SSP2_4.5","1",89.7,1.6,8.4,0.3
2094,"SSP2_4.5","1.25",89.7,1.6,8.4,0.3
2094,"SSP2_4.5","1.5",89.7,1.6,8.4,0.3
2094,"SSP2_4.5","1.75",89.7,1.6,8.4,0.3
2094,"SSP2_4.5","2",89.7,1.6,8.4,0.3
2094,"SSP5_8.5","0",29.1,8,62.9,0
2094,"SSP5_8.5","0.25",32.4,7.7,59.9,0
2094,"SSP5_8.5","0.5",36.9,7.2,56,0
2094,"SSP5_8.5","0.75",44.6,6.3,49.1,0
2094,"SSP5_8.5","1",50.2,5.6,44.1,0
2094,"SSP5_8.5","1.25",55.4,5.1,39.6,0
2094,"SSP5_8.5","1.5",63.7,4.1,32.2,0
2094,"SSP5_8.5","1.75",72.7,3.1,24.2,0
2094,"SSP5_8.5","2",77.9,2.5,19.6,0
2095,"SSP2_4.5","0",52.1,7.5,39.2,1.2
2095,"SSP2_4.5","0.25",71,4.5,23.7,0.7
2095,"SSP2_4.5","0.5",84.4,2.5,12.8,0.4
2095,"SSP2_4.5","0.75",89,1.7,9,0.3
2095,"SSP2_4.5","1",89.8,1.6,8.4,0.2
2095,"SSP2_4.5","1.25",89.8,1.6,8.4,0.2
2095,"SSP2_4.5","1.5",89.8,1.6,8.4,0.2
2095,"SSP2_4.5","1.75",89.8,1.6,8.4,0.2
2095,"SSP2_4.5","2",89.8,1.6,8.4,0.2
2095,"SSP5_8.5","0",27.8,8.1,64,0
2095,"SSP5_8.5","0.25",31,7.8,61.2,0
2095,"SSP5_8.5","0.5",35.2,7.3,57.5,0
2095,"SSP5_8.5","0.75",42.7,6.5,50.8,0
2095,"SSP5_8.5","1",48.2,5.8,45.9,0
2095,"SSP5_8.5","1.25",53.3,5.3,41.4,0
2095,"SSP5_8.5","1.5",61.6,4.3,34,0
2095,"SSP5_8.5","1.75",70.9,3.3,25.8,0
2095,"SSP5_8.5","2",76.2,2.7,21.1,0
2096,"SSP2_4.5","0",51.2,7.7,40,1.1
2096,"SSP2_4.5","0.25",70.1,4.7,24.5,0.7
2096,"SSP2_4.5","0.5",84.2,2.5,12.9,0.3
2096,"SSP2_4.5","0.75",88.8,1.8,9.2,0.2
2096,"SSP2_4.5","1",89.9,1.6,8.3,0.2
2096,"SSP2_4.5","1.25",89.9,1.6,8.3,0.2
2096,"SSP2_4.5","1.5",89.9,1.6,8.3,0.2
2096,"SSP2_4.5","1.75",89.9,1.6,8.3,0.2
2096,"SSP2_4.5","2",89.9,1.6,8.3,0.2
2096,"SSP5_8.5","0",26.7,8.3,65,0
2096,"SSP5_8.5","0.25",29.7,8,62.4,0
2096,"SSP5_8.5","0.5",33.8,7.5,58.7,0
2096,"SSP5_8.5","0.75",41.1,6.7,52.3,0
2096,"SSP5_8.5","1",46.4,6.1,47.5,0
2096,"SSP5_8.5","1.25",51.4,5.5,43.1,0
2096,"SSP5_8.5","1.5",59.8,4.6,35.7,0
2096,"SSP5_8.5","1.75",69.1,3.5,27.4,0
2096,"SSP5_8.5","2",74.7,2.9,22.5,0
2097,"SSP2_4.5","0",50.2,7.9,40.7,1.2
2097,"SSP2_4.5","0.25",68.9,4.9,25.4,0.7
2097,"SSP2_4.5","0.5",83.9,2.5,13.2,0.4
2097,"SSP2_4.5","0.75",88.6,1.8,9.3,0.3
2097,"SSP2_4.5","1",89.8,1.6,8.3,0.2
2097,"SSP2_4.5","1.25",89.8,1.6,8.3,0.2
2097,"SSP2_4.5","1.5",89.8,1.6,8.3,0.2
2097,"SSP2_4.5","1.75",89.8,1.6,8.3,0.2
2097,"SSP2_4.5","2",89.8,1.6,8.3,0.2
2097,"SSP5_8.5","0",26.2,8.3,65.4,0
2097,"SSP5_8.5","0.25",29,8,62.9,0
2097,"SSP5_8.5","0.5",33,7.6,59.4,0
2097,"SSP5_8.5","0.75",40.1,6.8,53.2,0
2097,"SSP5_8.5","1",45.2,6.2,48.6,0
2097,"SSP5_8.5","1.25",50.1,5.6,44.2,0
2097,"SSP5_8.5","1.5",58.4,4.7,36.9,0
2097,"SSP5_8.5","1.75",67.8,3.6,28.6,0
2097,"SSP5_8.5","2",73.4,3,23.6,0
2098,"SSP2_4.5","0",49.4,8.1,41.5,0.9
2098,"SSP2_4.5","0.25",67.9,5.1,26.3,0.6
2098,"SSP2_4.5","0.5",83.7,2.6,13.3,0.3
2098,"SSP2_4.5","0.75",88.4,1.9,9.5,0.2
2098,"SSP2_4.5","1",89.9,1.6,8.3,0.2
2098,"SSP2_4.5","1.25",89.9,1.6,8.3,0.2
2098,"SSP2_4.5","1.5",89.9,1.6,8.3,0.2
2098,"SSP2_4.5","1.75",89.9,1.6,8.3,0.2
2098,"SSP2_4.5","2",89.9,1.6,8.3,0.2
2098,"SSP5_8.5","0",24.7,8.5,66.8,0
2098,"SSP5_8.5","0.25",27.3,8.2,64.5,0
2098,"SSP5_8.5","0.5",31.1,7.8,61.1,0
2098,"SSP5_8.5","0.75",37.9,7,55.1,0
2098,"SSP5_8.5","1",42.9,6.4,50.7,0
2098,"SSP5_8.5","1.25",47.7,5.9,46.4,0
2098,"SSP5_8.5","1.5",56,5,39.1,0
2098,"SSP5_8.5","1.75",65.5,3.9,30.6,0
2098,"SSP5_8.5","2",71.3,3.2,25.5,0
2099,"SSP2_4.5","0",48.8,8.2,41.7,1.3
2099,"SSP2_4.5","0.25",67,5.3,26.8,0.8
2099,"SSP2_4.5","0.5",83.6,2.6,13.4,0.4
2099,"SSP2_4.5","0.75",88.3,1.9,9.5,0.3
2099,"SSP2_4.5","1",90,1.6,8.1,0.3
2099,"SSP2_4.5","1.25",90,1.6,8.1,0.3
2099,"SSP2_4.5","1.5",90,1.6,8.1,0.3
2099,"SSP2_4.5","1.75",90,1.6,8.1,0.3
2099,"SSP2_4.5","2",90,1.6,8.1,0.3
2099,"SSP5_8.5","0",24.1,8.7,67.2,0
2099,"SSP5_8.5","0.25",26.6,8.4,65,0
2099,"SSP5_8.5","0.5",30.3,8,61.8,0
2099,"SSP5_8.5","0.75",36.9,7.2,55.9,0
2099,"SSP5_8.5","1",41.7,6.6,51.6,0
2099,"SSP5_8.5","1.25",46.5,6.1,47.4,0
2099,"SSP5_8.5","1.5",54.6,5.2,40.2,0
2099,"SSP5_8.5","1.75",64.1,4.1,31.8,0
2099,"SSP5_8.5","2",69.9,3.4,26.6,0
2100,"SSP2_4.5","0",47.9,8.4,42.4,1.3
2100,"SSP2_4.5","0.25",66,5.5,27.7,0.8
2100,"SSP2_4.5","0.5",83.4,2.7,13.5,0.4
2100,"SSP2_4.5","0.75",88.4,1.9,9.5,0.3
2100,"SSP2_4.5","1",90,1.6,8.1,0.2
2100,"SSP2_4.5","1.25",90,1.6,8.1,0.2
2100,"SSP2_4.5","1.5",90,1.6,8.1,0.2
2100,"SSP2_4.5","1.75",90,1.6,8.1,0.2
2100,"SSP2_4.5","2",90,1.6,8.1,0.2
2100,"SSP5_8.5","0",23.1,8.7,68.1,0
2100,"SSP5_8.5","0.25",25.4,8.5,66.1,0
2100,"SSP5_8.5","0.5",28.9,8.1,63,0
2100,"SSP5_8.5","0.75",35.3,7.4,57.4,0
2100,"SSP5_8.5","1",40,6.8,53.2,0
2100,"SSP5_8.5","1.25",44.6,6.3,49.1,0
2100,"SSP5_8.5","1.5",52.7,5.4,42,0
2100,"SSP5_8.5","1.75",62.1,4.3,33.6,0
2100,"SSP5_8.5","2",68.1,3.6,28.3,0
