Time,Site,LR,HR
2000,Cheeca Rocks,0.017650632,0.067356746
2000,Dry Tortugas,0.017553721,0.068074533
2000,Flower Garden Banks,0.017163182,0.066967456
2000,La Parguera,0.017438775,0.070157485
2000,Saint Croix,0.017481455,0.070242558
2000,Saint Thomas,0.017607783,0.070017115
2001,Cheeca Rocks,0.204690703,1.171707602
2001,Dry Tortugas,-0.037485559,-1.730258821
2001,Flower Garden Banks,-2.621458299,-1.64143456
2001,La Parguera,0.585513585,0.745277246
2001,Saint Croix,0.709892741,1.430885936
2001,Saint Thomas,0.908269643,0.952136662
2002,Cheeca Rocks,-0.857414983,1.34865993
2002,Dry Tortugas,-1.661474062,0.688215231
2002,Flower Garden Banks,-4.215010386,-0.071196961
2002,La Parguera,0.22675848,2.180134003
2002,Saint Croix,0.840889958,2.030049251
2002,Saint Thomas,0.733016067,1.560755907
2003,Cheeca Rocks,-0.113148806,-1.287755974
2003,Dry Tortugas,-0.484814843,-3.50606115
2003,Flower Garden Banks,-0.972094657,-1.722981061
2003,La Parguera,0.167308637,3.8549869
2003,Saint Croix,0.719693739,2.968049779
2003,Saint Thomas,0.371896012,2.816281892
2004,Cheeca Rocks,-0.310845326,-0.032447739
2004,Dry Tortugas,-0.049024019,-1.318376042
2004,Flower Garden Banks,-1.839084018,-0.629335089
2004,La Parguera,1.521261339,0.845873636
2004,Saint Croix,1.927044539,1.216434857
2004,Saint Thomas,2.030781499,0.408997816
2005,Cheeca Rocks,-1.696624408,-1.498707976
2005,Dry Tortugas,-2.155113339,-0.765150993
2005,Flower Garden Banks,-5.558326426,-0.848136263
2005,La Parguera,-0.896386945,1.5977591
2005,Saint Croix,-0.640960682,1.425384803
2005,Saint Thomas,-0.348235365,1.277784615
2006,Cheeca Rocks,-1.053750853,-1.75323721
2006,Dry Tortugas,-1.555031875,-0.716491386
2006,Flower Garden Banks,-4.227365995,-0.89116349
2006,La Parguera,0.360786729,1.597451773
2006,Saint Croix,0.544916145,1.347106634
2006,Saint Thomas,0.547412971,1.132341296
2007,Cheeca Rocks,-0.503068491,-0.587188856
2007,Dry Tortugas,-0.904248476,-0.994583566
2007,Flower Garden Banks,-4.625654215,-0.149280819
2007,La Parguera,1.195145355,0.268675053
2007,Saint Croix,1.849967259,0.60528936
2007,Saint Thomas,1.539240354,-0.75476549
2008,Cheeca Rocks,-0.411107221,-4.887053708
2008,Dry Tortugas,-0.545513795,-7.690769989
2008,Flower Garden Banks,-3.753642254,-5.490729089
2008,La Parguera,1.957486628,0.863708986
2008,Saint Croix,2.403683787,2.599780663
2008,Saint Thomas,2.35619393,1.162490292
2009,Cheeca Rocks,-1.185039758,-6.340930253
2009,Dry Tortugas,-0.773911979,-2.14390907
2009,Flower Garden Banks,-3.435204675,-4.095974883
2009,La Parguera,1.33987235,6.793224058
2009,Saint Croix,1.526332746,4.311091217
2009,Saint Thomas,1.818854024,5.27737326
2010,Cheeca Rocks,-0.219033394,-1.949759436
2010,Dry Tortugas,-0.069001607,-4.836453988
2010,Flower Garden Banks,-3.526566404,-2.876052012
2010,La Parguera,2.047098359,1.271894567
2010,Saint Croix,2.972275959,2.253132204
2010,Saint Thomas,2.642325304,1.222686665
2011,Cheeca Rocks,-0.011963511,-0.734078556
2011,Dry Tortugas,0.09530114,-2.074296613
2011,Flower Garden Banks,-2.285286687,-2.700826773
2011,La Parguera,3.02400696,1.714195106
2011,Saint Croix,3.524473305,2.302092515
2011,Saint Thomas,3.565525205,1.338520177
2012,Cheeca Rocks,-0.325416395,-0.897308953
2012,Dry Tortugas,-0.752539945,-3.236839627
2012,Flower Garden Banks,-5.191906785,-3.630500147
2012,La Parguera,0.965643835,0.892901891
2012,Saint Croix,1.028323104,1.238719454
2012,Saint Thomas,1.693320537,0.800713505
2013,Cheeca Rocks,-0.20535145,3.211992425
2013,Dry Tortugas,-1.070286455,1.824341549
2013,Flower Garden Banks,-3.600855195,2.254637969
2013,La Parguera,0.268907636,2.038408613
2013,Saint Croix,0.534700437,-0.277510649
2013,Saint Thomas,0.382357624,0.069779108
2014,Cheeca Rocks,0.033644662,-0.117878869
2014,Dry Tortugas,-0.602237425,-1.744197304
2014,Flower Garden Banks,-3.709098716,0.341050585
2014,La Parguera,1.706771637,1.006654099
2014,Saint Croix,2.36467231,-0.182708023
2014,Saint Thomas,1.825938659,-0.167830225
2015,Cheeca Rocks,-0.49865102,3.092305384
2015,Dry Tortugas,-0.776301619,0.627086474
2015,Flower Garden Banks,-3.490254644,1.861833869
2015,La Parguera,3.262254156,3.52002643
2015,Saint Croix,3.944619314,3.702881761
2015,Saint Thomas,3.732086992,2.77340905
2016,Cheeca Rocks,-0.516933383,3.362413806
2016,Dry Tortugas,-1.26149653,3.120450802
2016,Flower Garden Banks,-4.58573391,3.405004668
2016,La Parguera,0.572679526,-0.811820307
2016,Saint Croix,0.849316485,1.916091407
2016,Saint Thomas,0.651554052,0.048501766
2017,Cheeca Rocks,0.645105681,2.709679668
2017,Dry Tortugas,-0.497016975,0.797483749
2017,Flower Garden Banks,-3.834949143,1.663650956
2017,La Parguera,1.17761037,1.713180037
2017,Saint Croix,1.386495306,0.881680843
2017,Saint Thomas,1.195578852,0.978073387
2018,Cheeca Rocks,1.633821663,5.767941612
2018,Dry Tortugas,0.64906922,6.855297638
2018,Flower Garden Banks,-2.463837587,6.560011036
2018,La Parguera,2.676647781,2.112522484
2018,Saint Croix,2.97632152,1.949085743
2018,Saint Thomas,2.931522116,1.159726967
2019,Cheeca Rocks,1.160305384,1.869566811
2019,Dry Tortugas,0.011735629,0.914644826
2019,Flower Garden Banks,-3.261059421,2.225747144
2019,La Parguera,2.850337708,1.170049027
2019,Saint Croix,3.65723149,1.169213092
2019,Saint Thomas,3.598235914,0.329511127
2020,Cheeca Rocks,0.445706075,0.937084363
2020,Dry Tortugas,-0.845412367,-0.86067248
2020,Flower Garden Banks,-2.771906334,0.755888395
2020,La Parguera,1.817233155,-0.831625187
2020,Saint Croix,2.393155137,2.624334723
2020,Saint Thomas,1.962142062,0.344147172
2021,Cheeca Rocks,0.79873259,3.22466292
2021,Dry Tortugas,-0.108623988,1.587210556
2021,Flower Garden Banks,-2.773570771,1.237254928
2021,La Parguera,1.082018681,2.570033781
2021,Saint Croix,1.240868909,2.494901633
2021,Saint Thomas,1.353283086,1.878108744
2022,Cheeca Rocks,2.285990615,3.541863716
2022,Dry Tortugas,2.182324627,0.926276027
2022,Flower Garden Banks,-0.046923189,2.190455591
2022,La Parguera,3.536766482,3.306279827
2022,Saint Croix,3.830754623,4.043457844
2022,Saint Thomas,3.793447483,3.243384743
2023,Cheeca Rocks,3.586235452,3.519698781
2023,Dry Tortugas,3.407525853,2.686476254
2023,Flower Garden Banks,0.137105093,3.325525251
2023,La Parguera,5.534257788,5.941920848
2023,Saint Croix,5.934423536,4.025989067
2023,Saint Thomas,6.329335065,4.679772484
2024,Cheeca Rocks,3.118877283,5.006551212
2024,Dry Tortugas,2.130974691,3.84178988
2024,Flower Garden Banks,-0.137204008,3.612064106
2024,La Parguera,4.471440815,3.135065356
2024,Saint Croix,4.928849865,3.985725119
2024,Saint Thomas,4.745973675,2.712722193
2025,Cheeca Rocks,2.612217959,1.823977826
2025,Dry Tortugas,2.430931394,0.275866519
2025,Flower Garden Banks,-0.719105649,0.353372097
2025,La Parguera,2.90601909,2.024959617
2025,Saint Croix,2.99307983,2.722322758
2025,Saint Thomas,2.90185515,2.016310042
2026,Cheeca Rocks,2.628093532,2.322651732
2026,Dry Tortugas,2.434855232,-0.269191958
2026,Flower Garden Banks,-1.289284057,1.233261599
2026,La Parguera,3.651003562,6.506804211
2026,Saint Croix,3.512603627,4.984561137
2026,Saint Thomas,3.750848185,5.048720556
2027,Cheeca Rocks,3.660883717,1.71693328
2027,Dry Tortugas,2.985139897,2.536717113
2027,Flower Garden Banks,1.443639637,2.13739602
2027,La Parguera,3.5301862,5.787846348
2027,Saint Croix,3.85159654,5.093051517
2027,Saint Thomas,3.66818244,4.870499591
2028,Cheeca Rocks,3.545347067,3.809932772
2028,Dry Tortugas,3.123481033,3.213540516
2028,Flower Garden Banks,-0.191444182,3.481439211
2028,La Parguera,5.059661599,2.949515131
2028,Saint Croix,5.323176155,2.776183098
2028,Saint Thomas,5.38515271,2.519192435
2029,Cheeca Rocks,3.260646945,8.105083289
2029,Dry Tortugas,2.835429321,5.546781974
2029,Flower Garden Banks,0.173712915,6.052868255
2029,La Parguera,4.359875681,4.270335926
2029,Saint Croix,4.772055668,4.139851268
2029,Saint Thomas,4.734063374,3.579648648
2030,Cheeca Rocks,3.965021857,3.244900183
2030,Dry Tortugas,3.909452384,0.526347831
2030,Flower Garden Banks,0.456456872,3.127112657
2030,La Parguera,4.135740381,2.74035246
2030,Saint Croix,4.19126635,1.828808574
2030,Saint Thomas,4.103197029,1.528415621
2031,Cheeca Rocks,4.393904518,5.146145588
2031,Dry Tortugas,4.196532985,3.216082897
2031,Flower Garden Banks,-0.290622906,5.624538774
2031,La Parguera,5.471445614,3.518767684
2031,Saint Croix,5.48374721,4.664797623
2031,Saint Thomas,5.842515847,3.882264772
2032,Cheeca Rocks,3.958417745,6.60560619
2032,Dry Tortugas,3.546994493,4.636122426
2032,Flower Garden Banks,-0.301156805,5.65389627
2032,La Parguera,5.891385301,5.381173651
2032,Saint Croix,6.395737303,5.161836885
2032,Saint Thomas,6.364972321,4.635703454
2033,Cheeca Rocks,2.903114157,6.880834506
2033,Dry Tortugas,2.504925787,4.558070934
2033,Flower Garden Banks,-2.495917552,5.564616593
2033,La Parguera,7.458735467,3.587573208
2033,Saint Croix,7.990098233,5.623174543
2033,Saint Thomas,7.652631636,4.507179522
2034,Cheeca Rocks,5.213671292,6.673588615
2034,Dry Tortugas,4.283514418,6.08130065
2034,Flower Garden Banks,2.197388223,6.092623838
2034,La Parguera,4.751966711,7.079756193
2034,Saint Croix,4.741511015,6.288017535
2034,Saint Thomas,5.075308059,6.207095149
2035,Cheeca Rocks,4.912180332,10.08363655
2035,Dry Tortugas,3.699351377,9.436303688
2035,Flower Garden Banks,2.254005852,9.430327143
2035,La Parguera,2.528888772,5.763303604
2035,Saint Croix,2.591031141,6.615816211
2035,Saint Thomas,2.717375778,5.777200065
2036,Cheeca Rocks,5.060612957,10.61702043
2036,Dry Tortugas,4.081522736,8.461994946
2036,Flower Garden Banks,3.97318018,8.124859222
2036,La Parguera,3.918440927,8.975325015
2036,Saint Croix,4.097006624,7.862020459
2036,Saint Thomas,3.826472,8.250051343
2037,Cheeca Rocks,5.063130511,8.425751505
2037,Dry Tortugas,4.441009639,7.087343923
2037,Flower Garden Banks,0.492924291,7.245833298
2037,La Parguera,7.504507809,7.980246063
2037,Saint Croix,8.102682464,7.654505668
2037,Saint Thomas,7.868475562,7.312907944
2038,Cheeca Rocks,4.629634407,8.602739628
2038,Dry Tortugas,3.710697418,7.174394585
2038,Flower Garden Banks,0.725956186,7.440345669
2038,La Parguera,6.265682648,8.815337604
2038,Saint Croix,6.959814929,8.318082123
2038,Saint Thomas,6.536903723,7.859473131
2039,Cheeca Rocks,5.664726802,8.725537186
2039,Dry Tortugas,5.18183325,7.744660826
2039,Flower Garden Banks,2.551737371,7.575809228
2039,La Parguera,8.222106537,10.68194888
2039,Saint Croix,8.849137948,10.25761517
2039,Saint Thomas,8.56527909,9.993144807
2040,Cheeca Rocks,6.482631754,8.009326049
2040,Dry Tortugas,6.094558112,6.460821346
2040,Flower Garden Banks,2.416380297,7.432345989
2040,La Parguera,8.503492527,6.988294728
2040,Saint Croix,8.551827719,10.11170479
2040,Saint Thomas,8.930050724,7.891711204
2041,Cheeca Rocks,7.406064531,9.888799598
2041,Dry Tortugas,7.027860766,8.986377498
2041,Flower Garden Banks,4.758046725,7.830686066
2041,La Parguera,7.444969879,6.158459107
2041,Saint Croix,7.212579239,8.987558787
2041,Saint Thomas,7.968295006,6.939885534
2042,Cheeca Rocks,6.50951909,12.35208325
2042,Dry Tortugas,5.942059723,12.79954168
2042,Flower Garden Banks,3.189182696,10.75030002
2042,La Parguera,9.252496914,7.823675779
2042,Saint Croix,9.912664594,7.852288363
2042,Saint Thomas,9.685888989,7.188092719
2043,Cheeca Rocks,8.020580545,9.494655966
2043,Dry Tortugas,7.303564311,8.255056785
2043,Flower Garden Banks,5.130747377,8.734580389
2043,La Parguera,9.876063576,8.458989248
2043,Saint Croix,10.0337364,8.343426956
2043,Saint Thomas,10.01155974,7.806774884
2044,Cheeca Rocks,9.208765869,10.51895075
2044,Dry Tortugas,8.792508145,9.520266802
2044,Flower Garden Banks,7.663576757,10.00289934
2044,La Parguera,8.356874981,9.491133149
2044,Saint Croix,8.645056755,10.00225435
2044,Saint Thomas,8.842580864,8.71824775
2045,Cheeca Rocks,10.28616035,12.93264387
2045,Dry Tortugas,9.598231307,11.88978112
2045,Flower Garden Banks,9.240656148,11.1380032
2045,La Parguera,8.434602879,10.25740427
2045,Saint Croix,8.99628447,8.560046968
2045,Saint Thomas,8.548329229,8.545008784
2046,Cheeca Rocks,9.792625819,12.10593724
2046,Dry Tortugas,8.390275339,10.25990582
2046,Flower Garden Banks,7.134254765,10.29492355
2046,La Parguera,8.194898176,9.50720655
2046,Saint Croix,8.796177394,10.0907421
2046,Saint Thomas,8.289265113,9.404033092
2047,Cheeca Rocks,9.290289234,7.268227049
2047,Dry Tortugas,8.028844948,7.106632608
2047,Flower Garden Banks,7.13891493,7.339924661
2047,La Parguera,6.743914627,9.33970075
2047,Saint Croix,6.96775309,9.58140292
2047,Saint Thomas,7.063110648,8.830235242
2048,Cheeca Rocks,9.112706198,10.52822592
2048,Dry Tortugas,7.9863412,9.475586198
2048,Flower Garden Banks,6.117539648,8.585044697
2048,La Parguera,7.74489684,9.26911389
2048,Saint Croix,8.112012065,8.474341877
2048,Saint Thomas,8.078993965,8.517344
2049,Cheeca Rocks,10.4477404,7.676863072
2049,Dry Tortugas,9.468308746,8.191562102
2049,Flower Garden Banks,8.59030035,6.310761429
2049,La Parguera,9.395519648,9.858500572
2049,Saint Croix,9.86940929,7.844821042
2049,Saint Thomas,9.538732586,8.617557271
2050,Cheeca Rocks,11.13985818,12.1991565
2050,Dry Tortugas,10.06922071,9.793737764
2050,Flower Garden Banks,7.65316541,8.449113626
2050,La Parguera,10.99131066,10.73506855
2050,Saint Croix,11.25282733,11.9454499
2050,Saint Thomas,11.09724984,10.45754935
2051,Cheeca Rocks,11.22459108,12.44323446
2051,Dry Tortugas,10.4250064,12.3702135
2051,Flower Garden Banks,8.400002057,11.35384232
2051,La Parguera,10.29138647,8.934149685
2051,Saint Croix,10.4586078,8.289946666
2051,Saint Thomas,10.67576528,8.191074008
2052,Cheeca Rocks,11.97990761,12.35575891
2052,Dry Tortugas,10.81831841,12.34583127
2052,Flower Garden Banks,9.886325518,10.40626724
2052,La Parguera,10.77767475,9.833671177
2052,Saint Croix,11.08033197,11.4904922
2052,Saint Thomas,10.86061378,10.17310519
2053,Cheeca Rocks,11.49156364,12.17870278
2053,Dry Tortugas,10.88286456,11.47927277
2053,Flower Garden Banks,8.510465289,11.5168941
2053,La Parguera,12.79115093,11.17806348
2053,Saint Croix,13.24311012,9.79169524
2053,Saint Thomas,12.88600664,9.807403666
2054,Cheeca Rocks,12.6469702,11.29338527
2054,Dry Tortugas,11.94714474,11.50636844
2054,Flower Garden Banks,10.61336509,10.0099258
2054,La Parguera,11.43206963,8.995619763
2054,Saint Croix,11.78701229,10.45193903
2054,Saint Thomas,11.77914232,9.282908538
2055,Cheeca Rocks,12.80168711,10.93367106
2055,Dry Tortugas,11.77250088,8.422510116
2055,Flower Garden Banks,9.01676791,9.219321637
2055,La Parguera,12.18048212,10.47777562
2055,Saint Croix,12.55196879,10.27737016
2055,Saint Thomas,12.36778139,9.322831574
2056,Cheeca Rocks,13.33331085,13.49862751
2056,Dry Tortugas,11.90801063,12.66230716
2056,Flower Garden Banks,10.62854975,11.28097041
2056,La Parguera,11.44279763,10.16823807
2056,Saint Croix,11.58236416,10.79037983
2056,Saint Thomas,11.55569388,9.924521281
2057,Cheeca Rocks,14.22236781,11.6402963
2057,Dry Tortugas,13.22444725,11.70219594
2057,Flower Garden Banks,13.13510278,10.00964652
2057,La Parguera,10.53986449,13.56549697
2057,Saint Croix,10.32264174,14.91839503
2057,Saint Thomas,10.83593004,14.0557867
2058,Cheeca Rocks,14.44166976,15.43051427
2058,Dry Tortugas,13.43573956,14.72813001
2058,Flower Garden Banks,11.48112795,13.13576763
2058,La Parguera,13.80220827,11.17220736
2058,Saint Croix,14.32478247,11.92311537
2058,Saint Thomas,14.21666961,11.16017308
2059,Cheeca Rocks,14.10160695,15.77725225
2059,Dry Tortugas,13.3892197,15.72191541
2059,Flower Garden Banks,9.045168444,14.73688476
2059,La Parguera,16.07176042,10.49681651
2059,Saint Croix,16.38829212,10.9443978
2059,Saint Thomas,16.13334042,10.18974214
2060,Cheeca Rocks,14.52244561,11.70416011
2060,Dry Tortugas,13.43629805,10.64751931
2060,Flower Garden Banks,10.08748541,12.33882898
2060,La Parguera,16.15656829,9.962389052
2060,Saint Croix,16.45602308,10.46999499
2060,Saint Thomas,16.51306951,9.50166254
2061,Cheeca Rocks,14.24647763,15.21483359
2061,Dry Tortugas,12.44511878,13.3145972
2061,Flower Garden Banks,9.881873526,12.51189059
2061,La Parguera,13.8983587,14.40087934
2061,Saint Croix,14.11951562,13.50046504
2061,Saint Thomas,14.33333165,12.92435736
2062,Cheeca Rocks,15.98464941,12.6623915
2062,Dry Tortugas,14.62706025,11.96164184
2062,Flower Garden Banks,11.09215266,12.14308219
2062,La Parguera,16.67766209,16.63600808
2062,Saint Croix,16.90635846,16.00911825
2062,Saint Thomas,16.74918992,15.52782004
2063,Cheeca Rocks,17.20192394,14.28875091
2063,Dry Tortugas,15.73598239,12.37060313
2063,Flower Garden Banks,13.44132265,12.45627638
2063,La Parguera,18.14902386,14.91022893
2063,Saint Croix,18.51819481,15.92373855
2063,Saint Thomas,18.62528103,14.96549123
2064,Cheeca Rocks,16.67118055,14.11378674
2064,Dry Tortugas,15.20392444,14.14310551
2064,Flower Garden Banks,13.57358975,12.17011705
2064,La Parguera,17.00783436,16.07017972
2064,Saint Croix,17.49191548,15.71626785
2064,Saint Thomas,17.31179694,15.32308064
2065,Cheeca Rocks,16.6413357,14.66924568
2065,Dry Tortugas,15.54095236,14.08397964
2065,Flower Garden Banks,12.86078658,12.44695346
2065,La Parguera,16.81349094,12.30835139
2065,Saint Croix,16.97372166,13.28693892
2065,Saint Thomas,17.14417911,12.356602
2066,Cheeca Rocks,16.38018252,16.56983065
2066,Dry Tortugas,15.2271455,13.32687447
2066,Flower Garden Banks,12.40872254,14.43187807
2066,La Parguera,15.81272202,13.72289836
2066,Saint Croix,15.92015104,15.43099333
2066,Saint Thomas,16.03712263,13.54428782
2067,Cheeca Rocks,18.61336968,16.60373288
2067,Dry Tortugas,17.33124703,14.16804628
2067,Flower Garden Banks,14.98458589,13.92868519
2067,La Parguera,17.30946694,15.03606152
2067,Saint Croix,17.29958042,15.47287049
2067,Saint Thomas,17.35747486,14.54658192
2068,Cheeca Rocks,20.95901031,16.06842311
2068,Dry Tortugas,19.07552428,14.8185768
2068,Flower Garden Banks,18.50823733,15.81914271
2068,La Parguera,17.85640967,12.29966068
2068,Saint Croix,18.177126,13.86371637
2068,Saint Thomas,18.147814,12.68445978
2069,Cheeca Rocks,20.31134986,17.97278191
2069,Dry Tortugas,18.97980875,16.5396383
2069,Flower Garden Banks,17.4081293,15.78145812
2069,La Parguera,18.46999216,14.59874905
2069,Saint Croix,18.73251375,14.15402067
2069,Saint Thomas,18.52478322,13.33494045
2070,Cheeca Rocks,20.21531435,22.20172246
2070,Dry Tortugas,19.52711525,20.54318296
2070,Flower Garden Banks,17.6303437,20.10370054
2070,La Parguera,19.2556504,17.17027986
2070,Saint Croix,19.48359843,16.81952929
2070,Saint Thomas,19.55639603,16.22240725
2071,Cheeca Rocks,19.34416171,22.00443926
2071,Dry Tortugas,18.51152439,20.35787515
2071,Flower Garden Banks,15.10275274,20.37726616
2071,La Parguera,18.71616399,17.09100029
2071,Saint Croix,18.87545311,19.25371619
2071,Saint Thomas,19.27875702,17.24562685
2072,Cheeca Rocks,19.43569195,19.73973377
2072,Dry Tortugas,18.17581307,18.63210442
2072,Flower Garden Banks,14.30553092,18.86045809
2072,La Parguera,20.26746187,15.85750664
2072,Saint Croix,20.48874422,17.17686933
2072,Saint Thomas,20.69705071,16.20473876
2073,Cheeca Rocks,20.32510653,21.38462036
2073,Dry Tortugas,18.67345209,21.08251272
2073,Flower Garden Banks,15.16417599,20.75799303
2073,La Parguera,21.09026981,20.81057916
2073,Saint Croix,21.24311262,18.19388986
2073,Saint Thomas,21.19123685,19.37442576
2074,Cheeca Rocks,21.21450966,21.0172879
2074,Dry Tortugas,19.80167007,21.62093186
2074,Flower Garden Banks,16.35865349,19.97507616
2074,La Parguera,20.78482848,16.3249742
2074,Saint Croix,20.85521729,17.90732345
2074,Saint Thomas,21.07728089,16.75729213
2075,Cheeca Rocks,21.83820806,21.81224613
2075,Dry Tortugas,20.73903293,20.60324309
2075,Flower Garden Banks,18.05088535,20.05233797
2075,La Parguera,22.26516638,15.3323544
2075,Saint Croix,22.39013967,17.18140006
2075,Saint Thomas,22.59408702,15.19514512
2076,Cheeca Rocks,22.20468894,21.30335872
2076,Dry Tortugas,21.00574569,19.15083332
2076,Flower Garden Banks,16.89312922,21.10912126
2076,La Parguera,24.52237744,17.56970542
2076,Saint Croix,24.83009626,18.04614218
2076,Saint Thomas,24.87916779,17.14775274
2077,Cheeca Rocks,23.42111513,21.39153925
2077,Dry Tortugas,22.06835724,23.52874126
2077,Flower Garden Banks,19.89931508,21.72901654
2077,La Parguera,23.31345171,18.94340846
2077,Saint Croix,23.28199693,20.09572142
2077,Saint Thomas,23.66272762,19.08101484
2078,Cheeca Rocks,24.59780726,23.61848865
2078,Dry Tortugas,23.04746233,22.68461475
2078,Flower Garden Banks,21.47436412,22.78149857
2078,La Parguera,22.93480156,18.7768503
2078,Saint Croix,23.01109284,19.66191415
2078,Saint Thomas,23.14373457,18.90025958
2079,Cheeca Rocks,24.82312719,20.32937396
2079,Dry Tortugas,23.53237787,20.70045576
2079,Flower Garden Banks,22.10791393,22.70539398
2079,La Parguera,24.83780373,18.21367888
2079,Saint Croix,25.02848419,18.34312125
2079,Saint Thomas,24.82968866,17.91338997
2080,Cheeca Rocks,26.13689402,22.9608894
2080,Dry Tortugas,24.80082075,22.10520543
2080,Flower Garden Banks,23.45995662,23.2570672
2080,La Parguera,25.33683648,18.16859234
2080,Saint Croix,25.43827544,18.91292432
2080,Saint Thomas,25.76569404,17.70443339
2081,Cheeca Rocks,26.36567664,24.81709838
2081,Dry Tortugas,24.7974018,22.0557438
2081,Flower Garden Banks,22.9148588,21.89142224
2081,La Parguera,25.63049158,21.97979298
2081,Saint Croix,25.89448101,21.18523659
2081,Saint Thomas,26.1083425,20.85765082
2082,Cheeca Rocks,26.73110506,22.30051376
2082,Dry Tortugas,25.14158998,20.32151086
2082,Flower Garden Banks,22.82263124,20.72841685
2082,La Parguera,25.07182891,22.50398728
2082,Saint Croix,25.16281617,23.40679678
2082,Saint Thomas,25.51485419,22.46806564
2083,Cheeca Rocks,28.21241519,21.98813819
2083,Dry Tortugas,26.47448109,21.17749055
2083,Flower Garden Banks,24.40168583,20.19637834
2083,La Parguera,25.95370274,20.51018563
2083,Saint Croix,26.36930089,21.72977633
2083,Saint Thomas,26.27108946,20.70469989
2084,Cheeca Rocks,28.57877955,24.63183693
2084,Dry Tortugas,27.21419767,23.9527399
2084,Flower Garden Banks,25.26885298,22.92463021
2084,La Parguera,27.86091828,25.64962868
2084,Saint Croix,28.22051235,25.11013811
2084,Saint Thomas,27.91721906,24.44999233
2085,Cheeca Rocks,29.4089031,23.11619418
2085,Dry Tortugas,27.3392559,24.31367156
2085,Flower Garden Banks,25.71544973,24.54144426
2085,La Parguera,27.43609873,23.38850488
2085,Saint Croix,27.70499626,23.30936884
2085,Saint Thomas,27.65928981,22.76331917
2086,Cheeca Rocks,30.77924303,27.73461443
2086,Dry Tortugas,28.95365267,27.29303386
2086,Flower Garden Banks,28.49151736,26.14293713
2086,La Parguera,27.4668751,23.09598301
2086,Saint Croix,27.87696659,22.26523192
2086,Saint Thomas,27.56004397,21.83680042
2087,Cheeca Rocks,30.78375674,26.83566781
2087,Dry Tortugas,29.33628225,25.68116718
2087,Flower Garden Banks,26.49829504,24.37383491
2087,La Parguera,30.48240894,19.28062146
2087,Saint Croix,31.04485296,20.22780284
2087,Saint Thomas,30.66143536,18.74621035
2088,Cheeca Rocks,31.83402375,27.04155282
2088,Dry Tortugas,30.66069336,27.08936114
2088,Flower Garden Banks,28.41960887,27.24561838
2088,La Parguera,31.52730943,22.38721623
2088,Saint Croix,32.1420427,23.21522783
2088,Saint Thomas,31.79877842,22.55053659
2089,Cheeca Rocks,32.63381598,26.74916038
2089,Dry Tortugas,30.88674792,25.8979781
2089,Flower Garden Banks,29.52859444,24.77735672
2089,La Parguera,28.5472455,25.23991541
2089,Saint Croix,28.82129903,26.50433807
2089,Saint Thomas,29.04432131,24.79441821
2090,Cheeca Rocks,33.94651399,29.09256611
2090,Dry Tortugas,32.03288343,26.33596121
2090,Flower Garden Banks,32.00575196,26.43594669
2090,La Parguera,28.54832942,26.96008385
2090,Saint Croix,28.8644139,27.17428628
2090,Saint Thomas,28.5269236,26.19653703
2091,Cheeca Rocks,34.66220368,28.64559189
2091,Dry Tortugas,32.8900609,27.06372044
2091,Flower Garden Banks,31.97786208,26.16004177
2091,La Parguera,30.01869257,27.00301942
2091,Saint Croix,30.19347946,27.05366328
2091,Saint Thomas,30.00474828,26.30629203
2092,Cheeca Rocks,35.34861516,32.13634705
2092,Dry Tortugas,33.4256063,31.69408245
2092,Flower Garden Banks,31.514612,29.72358151
2092,La Parguera,32.85147894,24.86140507
2092,Saint Croix,33.33321242,25.37889379
2092,Saint Thomas,32.93321052,24.10217736
2093,Cheeca Rocks,36.3824029,29.49578418
2093,Dry Tortugas,34.93240416,28.3604048
2093,Flower Garden Banks,33.06629053,28.44731066
2093,La Parguera,34.93792477,25.05689335
2093,Saint Croix,35.15815853,26.13050531
2093,Saint Thomas,34.94085004,25.1790242
2094,Cheeca Rocks,37.72463285,32.74651156
2094,Dry Tortugas,36.47910589,33.06077487
2094,Flower Garden Banks,33.45927608,31.43230656
2094,La Parguera,35.30913415,26.05005839
2094,Saint Croix,35.26891689,26.65772021
2094,Saint Thomas,35.85021259,26.43893121
2095,Cheeca Rocks,37.18675277,31.42968219
2095,Dry Tortugas,35.29484421,30.0990634
2095,Flower Garden Banks,32.31641686,29.39496642
2095,La Parguera,34.10034778,28.23795122
2095,Saint Croix,34.30977602,27.74495612
2095,Saint Thomas,34.58218608,27.33744364
2096,Cheeca Rocks,38.8685336,36.03580716
2096,Dry Tortugas,36.62176371,35.49990921
2096,Flower Garden Banks,34.72718578,35.04543935
2096,La Parguera,36.53307652,29.27721882
2096,Saint Croix,36.71268255,27.25453694
2096,Saint Thomas,36.8482043,27.7732027
2097,Cheeca Rocks,40.86224951,33.50139589
2097,Dry Tortugas,38.66828489,33.90119132
2097,Flower Garden Banks,37.8768215,32.34632164
2097,La Parguera,39.05573336,29.64310768
2097,Saint Croix,39.65830117,30.15701445
2097,Saint Thomas,39.36316762,29.39155377
2098,Cheeca Rocks,40.77217431,32.89331353
2098,Dry Tortugas,38.56906636,31.27705173
2098,Flower Garden Banks,37.52885441,31.1257385
2098,La Parguera,39.01604583,28.69468693
2098,Saint Croix,39.5767322,29.0008616
2098,Saint Thomas,38.90241569,28.76854735
2099,Cheeca Rocks,41.63665529,35.36628898
2099,Dry Tortugas,40.11050363,34.19109776
2099,Flower Garden Banks,38.58800678,34.59318073
2099,La Parguera,39.13846687,28.42029844
2099,Saint Croix,39.28396395,30.54451798
2099,Saint Thomas,39.09545324,28.79393446
2100,Cheeca Rocks,43.60914377,34.76657726
2100,Dry Tortugas,41.99260885,33.65728815
2100,Flower Garden Banks,40.44639499,34.55512619
2100,La Parguera,40.10579876,32.59554645
2100,Saint Croix,40.17563015,31.90975183
2100,Saint Thomas,40.26677676,31.77130957
