"Species","Slope","CI_Lower","CI_Upper","P_Value","P_Value_FDR","Signif_FDR","Region","mean_slope"
"Millepora alcicornis",-3.35516155155815,-4.77517456089328,-1.93514854222302,3.64008416313106e-06,5.09611782838349e-05,TRUE,"Dry Tortugas",-2.41
"Acropora prolifera",-5.84379379502485,-8.98235550597746,-2.70523208407223,0.00026293235499363,0.00184052648495541,TRUE,"Dry Tortugas",-2.41
"Acropora palmata",-4.96210087422092,-7.82152715605165,-2.10267459239019,0.000670857163538018,0.00313066676317742,TRUE,"Dry Tortugas",-2.41
"Acropora cervicornis",-5.17905918788696,-9.91115427832046,-0.446964097453457,0.0319456581673262,0.0913800542722529,FALSE,"Dry Tortugas",-2.41
"Pseudodiploria clivosa",13.3494612358549,1.10325485527246,25.5956676164373,0.0326357336686618,0.0913800542722529,FALSE,"Dry Tortugas",-2.41
"Orbicella annularis",-1.7752347764581,-3.78061088246561,0.230141329549408,0.0827347390701217,0.165469478140243,FALSE,"Dry Tortugas",-2.41
"Porites astreoides",-2.24335915977549,-4.68663292167304,0.199914602122063,0.0719246168585271,0.165469478140243,FALSE,"Dry Tortugas",-2.41
"Porites porites",-2.81128431194709,-6.29642401513024,0.673855391236069,0.113877373078088,0.199285402886655,FALSE,"Dry Tortugas",-2.41
"Colpophyllia natans",-2.54112490325024,-6.99820799047963,1.91595818397915,0.263807164134015,0.410366699764023,FALSE,"Dry Tortugas",-2.41
"Stephanocoenia intersepta",1.99402600706705,-1.90953463570814,5.89758664984224,0.316733316005038,0.443426642407053,FALSE,"Dry Tortugas",-2.41
"Pseudodiploria strigosa",2.99776888321348,-5.00332966040607,10.998867426833,0.462742128227428,0.588944526834908,FALSE,"Dry Tortugas",-2.41
"Montastraea cavernosa",-0.412918464769397,-2.88753319819322,2.06169626865443,0.74363539517946,0.863205787620373,FALSE,"Dry Tortugas",-2.41
"Undaria agaricites",-0.602496940763194,-5.30073020096538,4.095736319439,0.801548231361775,0.863205787620373,FALSE,"Dry Tortugas",-2.41
"Siderastrea siderea",-0.0401581296773129,-1.87982210734237,1.79950584798774,0.965873586631818,0.965873586631818,FALSE,"Dry Tortugas",-2.41
"Orbicella spp.",3.74375430102722,-0.0401446237200767,7.52765322577453,0.0524806310393814,0.341124101755979,FALSE,"Flower Garden Banks",-0.32
"Orbicella faveolata",-1.63683843016176,-3.15714529684653,-0.116531563476996,0.0348415390769009,0.341124101755979,FALSE,"Flower Garden Banks",-0.32
"Agaricia spp.",1.68963097687565,-1.16830649957679,4.54756845332809,0.246560841239134,0.611748720839679,FALSE,"Flower Garden Banks",-0.32
"Pseudodiploria strigosa",-0.553162558591691,-1.39620861766456,0.289883500481174,0.198434177780334,0.611748720839679,FALSE,"Flower Garden Banks",-0.32
"Millepora alcicornis",1.97304759937846,-1.97006359967632,5.91615879843324,0.32672905957519,0.611748720839679,FALSE,"Flower Garden Banks",-0.32
"Orbicella franksi",-0.230076771829256,-0.619230732865064,0.159077189206552,0.246547590578732,0.611748720839679,FALSE,"Flower Garden Banks",-0.32
"Stephanocoenia intersepta",-1.18266669573722,-3.55931417552405,1.1939807840496,0.329403157375212,0.611748720839679,FALSE,"Flower Garden Banks",-0.32
"Colpophyllia natans",-0.529822042268907,-2.12542852048197,1.06578443594415,0.515170977475059,0.669722270717576,FALSE,"Flower Garden Banks",-0.32
"Porites astreoides",0.391787553462306,-0.661878211652585,1.4454533185772,0.46613685245077,0.669722270717576,FALSE,"Flower Garden Banks",-0.32
"Siderastrea siderea",-0.978458561797577,-3.56810458507777,1.61118746148261,0.458970742206044,0.669722270717576,FALSE,"Flower Garden Banks",-0.32
"Madracis decactis",0.362000192030723,-2.49425262423914,3.21825300830059,0.803821103834898,0.924664905753284,FALSE,"Flower Garden Banks",-0.32
"Orbicella annularis",-0.272489980170899,-3.16549433158277,2.62051437124097,0.853536836079954,0.924664905753284,FALSE,"Flower Garden Banks",-0.32
"Montastraea cavernosa",-0.0166596899791377,-1.15977088212118,1.1264515021629,0.977211930509816,0.977211930509816,FALSE,"Flower Garden Banks",-0.32
"Millepora alcicornis",-0.993257202550603,-1.81095553614382,-0.175558868957389,0.017276685316076,0.0748656363696626,FALSE,"Florida Keys",-0.41
"Porites astreoides",-0.83986688890281,-1.51004791323748,-0.169685864568144,0.0140409026507555,0.0748656363696626,FALSE,"Florida Keys",-0.41
"Porites porites",-1.4003575221577,-2.54323284901061,-0.257482195304784,0.016326634149457,0.0748656363696626,FALSE,"Florida Keys",-0.41
"Siderastrea siderea",0.504827429973451,-0.0529950786450797,1.06264993859198,0.0761027597282689,0.247333969116874,FALSE,"Florida Keys",-0.41
"Acropora cervicornis",-4.3090018381719,-10.5859793750027,1.96797569865891,0.178473325874603,0.38669220606164,FALSE,"Florida Keys",-0.41
"Colpophyllia natans",-0.996478799471633,-2.43432299301939,0.441365394076126,0.174359953505233,0.38669220606164,FALSE,"Florida Keys",-0.41
"Dichocoenia stokesii",1.01440480115685,-0.827814169737989,2.85662377205169,0.280480637756318,0.455781036354017,FALSE,"Florida Keys",-0.41
"Stephanocoenia intersepta",-0.567341928224247,-1.54597328977151,0.411289433323013,0.255852009211579,0.455781036354017,FALSE,"Florida Keys",-0.41
"Orbicella annularis",-0.376324371291094,-1.2499251315039,0.497276388921715,0.398501087534555,0.575612681994357,FALSE,"Florida Keys",-0.41
"Undaria agaricites",-0.421977193643321,-1.6281287901785,0.784174402891855,0.492901285971218,0.640771671762583,FALSE,"Florida Keys",-0.41
"Acropora palmata",-0.898887257403118,-5.46279328738003,3.6650187725738,0.699477370759044,0.826655074533415,FALSE,"Florida Keys",-0.41
"Montastraea cavernosa",0.0920760726789158,-0.738543386375282,0.922695531733114,0.828000659282306,0.893757436628214,FALSE,"Florida Keys",-0.41
"Pseudodiploria strigosa",0.235902264499132,-3.22613906273607,3.69794359173433,0.893757436628214,0.893757436628214,FALSE,"Florida Keys",-0.41
"Orbicella annularis",-2.57176724030247,-3.21252140303493,-1.93101307757002,3.6434370144492e-15,4.00778071589412e-14,TRUE,"Puerto Rico",-1.94
"Agaricia spp.",-3.02353931190563,-4.22829048277384,-1.81878814103741,8.70401731840064e-07,4.78720952512035e-06,TRUE,"Puerto Rico",-1.94
"Porites astreoides",-1.2344741068388,-1.97927465669769,-0.489673556979909,0.00115993198834047,0.0042530839572484,TRUE,"Puerto Rico",-1.94
"Porites porites",-2.95105235322137,-5.01664078459318,-0.885463921849556,0.00510789508351551,0.0140467114796676,TRUE,"Puerto Rico",-1.94
"Pseudodiploria strigosa",-2.14085152493063,-4.06940540696125,-0.212297642900003,0.0295762568146064,0.0650677649921341,FALSE,"Puerto Rico",-1.94
"Colpophyllia natans",-1.13798927456877,-2.67734727332116,0.401368724183625,0.147357856488416,0.270156070228762,FALSE,"Puerto Rico",-1.94
"Stephanocoenia intersepta",-1.18881846482479,-3.24599953160289,0.868362601953303,0.257366319014466,0.404432787022732,FALSE,"Puerto Rico",-1.94
"Diploria labyrinthiformis",-0.609656279690568,-3.22775444714941,2.00844188776828,0.648101171863309,0.89113911131205,FALSE,"Puerto Rico",-1.94
"Montastraea cavernosa",-0.178886730998467,-1.23531797164826,0.877544509651325,0.73997762142237,0.904417092849564,FALSE,"Puerto Rico",-1.94
"Siderastrea siderea",0.129180316078846,-1.07936733563613,1.33772796779382,0.834059205172334,0.917465125689567,FALSE,"Puerto Rico",-1.94
"Meandrina.meandrites",-0.027712165140578,-2.35131642959695,2.29589209931579,0.981350942091416,0.981350942091416,FALSE,"Puerto Rico",-1.94
"Pseudodiploria strigosa",-2.25573513301623,-4.49052496490139,-0.0209453011310683,0.0478910948057032,0.670475327279845,FALSE,"Virgin Islands",-0.73
"Agaricia agaricites",-0.206090764526719,-1.57802342177527,1.16584189272183,0.768433609452052,0.997546128474547,FALSE,"Virgin Islands",-0.73
"Agaricia spp.",-0.00303892595246047,-1.939709548557,1.93363169665207,0.997546128474547,0.997546128474547,FALSE,"Virgin Islands",-0.73
"Colpophyllia natans",-0.65751859785292,-3.66746962167591,2.35243242597007,0.668541374348677,0.997546128474547,FALSE,"Virgin Islands",-0.73
"Diploria labyrinthiformis",-0.0612862626624318,-3.60694826803164,3.48437574270677,0.972974677184959,0.997546128474547,FALSE,"Virgin Islands",-0.73
"Montastraea cavernosa",-0.196903861745801,-1.3298589265352,0.936051203043597,0.733378158781145,0.997546128474547,FALSE,"Virgin Islands",-0.73
"Madracis decactis",0.121084504624089,-1.36839519611909,1.61056420536727,0.873407580990691,0.997546128474547,FALSE,"Virgin Islands",-0.73
"Orbicella annularis",-0.616021624348944,-1.80245795119377,0.570414702495881,0.308843006674385,0.997546128474547,FALSE,"Virgin Islands",-0.73
"Orbicella faveolata",0.158745958445567,-1.28356538748736,1.60105730437849,0.82920549289037,0.997546128474547,FALSE,"Virgin Islands",-0.73
"Orbicella franksi",0.144342028926744,-1.16728247703119,1.45596653488468,0.829228868560542,0.997546128474547,FALSE,"Virgin Islands",-0.73
"Orbicella spp.",0.360269569928898,-0.932231500107946,1.65277063996574,0.584848012818887,0.997546128474547,FALSE,"Virgin Islands",-0.73
"Porites astreoides",-0.379714274967467,-1.07674347542562,0.317314925490686,0.285650533299825,0.997546128474547,FALSE,"Virgin Islands",-0.73
"Porites porites",0.436594082893498,-0.842697851059703,1.7158860168467,0.503564105472289,0.997546128474547,FALSE,"Virgin Islands",-0.73
"Siderastrea siderea",0.228340083052523,-0.616184117965494,1.07286428407054,0.596160769630093,0.997546128474547,FALSE,"Virgin Islands",-0.73
"Orbicella annularis",-0.963723835291193,-1.46093261500712,-0.466515055575268,0.000145318991126161,0.00152584940682469,TRUE,"Cross-region",-1.07
"Millepora alcicornis",-1.15913549257988,-1.83149468645576,-0.486776298703991,0.000727649251270238,0.00509354475889166,TRUE,"Cross-region",-1.07
"Porites porites",-1.18372266043125,-1.90570489601742,-0.461740424845085,0.00131150651414156,0.00688540919924321,TRUE,"Cross-region",-1.07
"Agaricia spp.",-0.851762362215422,-1.49798295795476,-0.205541766476084,0.00978418010459627,0.0342446303660869,TRUE,"Cross-region",-1.07
"Porites astreoides",-0.522594539598997,-0.937618361845608,-0.107570717352387,0.0135881584991392,0.0407644754974177,TRUE,"Cross-region",-1.07
"Acropora cervicornis",-4.03049586125247,-7.53308841117043,-0.527903311334513,0.0241103904786096,0.0632897750063503,FALSE,"Cross-region",-1.07
"Colpophyllia natans",-0.829840390117378,-1.65363801697169,-0.0060427632630623,0.0483430029524095,0.112800340222289,FALSE,"Cross-region",-1.07
"Pseudodiploria strigosa",-0.613174687894215,-1.32918746697589,0.102838091187462,0.0932569255518179,0.195839543658818,FALSE,"Cross-region",-1.07
"Siderastrea siderea",0.299065077521375,-0.0960524143091342,0.694182569351884,0.137941628647794,0.241676884990357,FALSE,"Cross-region",-1.07
"Orbicella franksi",-0.284604705624622,-0.660769725723803,0.0915603144745591,0.138101077137347,0.241676884990357,FALSE,"Cross-region",-1.07
"Acropora palmata",-1.93814637617434,-4.81770492531001,0.941412172961335,0.187104178546146,0.302245211497621,FALSE,"Cross-region",-1.07
"Orbicella faveolata",-0.44780421380108,-1.38869928997617,0.493090862374005,0.3509159941661,0.491282391832541,FALSE,"Cross-region",-1.07
"Stephanocoenia intersepta",-0.275965839083609,-1.04866954436521,0.496737866197992,0.483934972892887,0.635164651921914,FALSE,"Cross-region",-1.07
"Madracis decactis",0.218414752938966,-1.03751520726791,1.47434471314584,0.733215714546558,0.810396316077774,FALSE,"Cross-region",-1.07
"Montastraea cavernosa",0.0230676532512362,-0.443628814806196,0.489764121308669,0.922824727914144,0.940757147439252,FALSE,"Cross-region",-1.07
"Diploria labyrinthiformis",-0.082407079348228,-2.25569405518571,2.09087989648926,0.940757147439252,0.940757147439252,FALSE,"Cross-region",-1.07
